[2J[Hstart,86.60%,1.34%,end
[2J[Hstart,86.60%,1.34%,end
[2J[Hstart,59.12%,0.08%,end
[2J[Hstart,59.12%,0.08%,end
[2J[Hstart,16.94%,0.09%,end
[2J[Hstart,16.94%,0.09%,end
[2J[Hstart,13.84%,0.08%,end
[2J[Hstart,13.84%,0.08%,end
[2J[Hstart,0.00%,0.08%,end
[2J[Hstart,0.00%,0.08%,end
[2J[Hstart,0.00%,0.08%,end
[2J[Hstart,0.00%,0.08%,end
[2J[Hstart,31.76%,0.24%,end
[2J[Hstart,31.76%,0.24%,end
[2J[Hstart,31.76%,0.24%,end
[2J[Hstart,99.84%,0.37%,end
[2J[Hstart,99.84%,0.37%,end
[2J[Hstart,89.22%,0.69%,end
[2J[Hstart,89.22%,0.69%,end
[2J[Hstart,91.20%,1.27%,end
[2J[Hstart,91.20%,1.27%,end
[2J[Hstart,86.67%,1.31%,end
[2J[Hstart,86.67%,1.31%,end
[2J[Hstart,55.62%,0.08%,end
[2J[Hstart,55.62%,0.08%,end
[2J[Hstart,0.00%,0.08%,end
[2J[Hstart,0.00%,0.08%,end
[2J[Hstart,0.00%,0.08%,end
[2J[Hstart,0.00%,0.08%,end
[2J[Hstart,27.75%,0.08%,end
[2J[Hstart,27.75%,0.08%,end
[2J[Hstart,0.00%,0.08%,end
[2J[Hstart,0.00%,0.08%,end
[2J[Hstart,46.29%,0.29%,end
[2J[Hstart,46.29%,0.29%,end
[2J[Hstart,97.44%,0.52%,end
[2J[Hstart,97.44%,0.52%,end
[2J[Hstart,100.34%,1.17%,end
[2J[Hstart,100.34%,1.17%,end
[2J[Hstart,100.34%,1.17%,end
[2J[Hstart,84.52%,1.29%,end
[2J[Hstart,84.52%,1.29%,end
[2J[Hstart,41.77%,0.07%,end
[2J[Hstart,41.77%,0.07%,end
[2J[Hstart,0.00%,0.07%,end
[2J[Hstart,0.00%,0.07%,end
[2J[Hstart,0.00%,0.07%,end
[2J[Hstart,0.00%,0.07%,end
[2J[Hstart,2.82%,0.08%,end
[2J[Hstart,2.82%,0.08%,end
[2J[Hstart,26.33%,0.07%,end
[2J[Hstart,26.33%,0.07%,end
[2J[Hstart,46.69%,0.27%,end
[2J[Hstart,46.69%,0.27%,end
[2J[Hstart,100.77%,0.51%,end
[2J[Hstart,100.77%,0.51%,end
[2J[Hstart,97.85%,0.84%,end
[2J[Hstart,97.85%,0.84%,end
[2J[Hstart,97.85%,0.84%,end
[2J[Hstart,86.22%,1.35%,end
[2J[Hstart,86.22%,1.35%,end
[2J[Hstart,33.14%,0.07%,end
[2J[Hstart,33.14%,0.07%,end
[2J[Hstart,0.00%,0.07%,end
[2J[Hstart,0.00%,0.07%,end
[2J[Hstart,0.00%,0.07%,end
[2J[Hstart,0.00%,0.07%,end
[2J[Hstart,22.82%,0.07%,end
[2J[Hstart,22.82%,0.07%,end
[2J[Hstart,0.00%,0.07%,end
[2J[Hstart,0.00%,0.07%,end
[2J[Hstart,64.22%,0.30%,end
[2J[Hstart,64.22%,0.30%,end
[2J[Hstart,98.67%,0.63%,end
[2J[Hstart,98.67%,0.63%,end
[2J[Hstart,88.42%,1.17%,end
[2J[Hstart,88.42%,1.17%,end
[2J[Hstart,84.08%,1.30%,end
[2J[Hstart,84.08%,1.30%,end
[2J[Hstart,49.06%,0.09%,end
[2J[Hstart,49.06%,0.09%,end
[2J[Hstart,28.37%,0.08%,end
[2J[Hstart,28.37%,0.08%,end
[2J[Hstart,0.00%,0.08%,end
[2J[Hstart,0.00%,0.08%,end
[2J[Hstart,0.00%,0.08%,end
[2J[Hstart,0.00%,0.08%,end
[2J[Hstart,0.00%,0.08%,end
[2J[Hstart,0.00%,0.08%,end
[2J[Hstart,56.28%,0.25%,end
[2J[Hstart,56.28%,0.25%,end
[2J[Hstart,99.96%,0.42%,end
[2J[Hstart,99.96%,0.42%,end
[2J[Hstart,101.37%,1.09%,end
[2J[Hstart,101.37%,1.09%,end
[2J[Hstart,85.20%,1.30%,end
[2J[Hstart,85.20%,1.30%,end
[2J[Hstart,40.61%,0.07%,end
[2J[Hstart,40.61%,0.07%,end
[2J[Hstart,24.00%,0.07%,end
[2J[Hstart,24.00%,0.07%,end
[2J[Hstart,0.00%,0.07%,end
[2J[Hstart,0.00%,0.07%,end
[2J[Hstart,0.00%,0.07%,end
[2J[Hstart,0.00%,0.07%,end
[2J[Hstart,0.00%,0.07%,end
[2J[Hstart,0.00%,0.07%,end
[2J[Hstart,0.00%,0.07%,end
[2J[Hstart,54.34%,0.30%,end
[2J[Hstart,54.34%,0.30%,end
[2J[Hstart,92.51%,0.56%,end
[2J[Hstart,92.51%,0.56%,end
[2J[Hstart,98.77%,1.13%,end
[2J[Hstart,98.77%,1.13%,end
[2J[Hstart,83.05%,1.29%,end
[2J[Hstart,83.05%,1.29%,end
[2J[Hstart,38.16%,0.07%,end
[2J[Hstart,38.16%,0.07%,end
[2J[Hstart,2.79%,0.08%,end
[2J[Hstart,2.79%,0.08%,end
[2J[Hstart,26.47%,0.07%,end
[2J[Hstart,26.47%,0.07%,end
[2J[Hstart,0.00%,0.07%,end
[2J[Hstart,0.00%,0.07%,end
[2J[Hstart,0.00%,0.07%,end
[2J[Hstart,0.00%,0.07%,end
[2J[Hstart,60.80%,0.29%,end
[2J[Hstart,60.80%,0.29%,end
[2J[Hstart,83.15%,0.32%,end
[2J[Hstart,83.15%,0.32%,end
[2J[Hstart,95.36%,0.75%,end
[2J[Hstart,95.36%,0.75%,end
[2J[Hstart,88.63%,1.29%,end
[2J[Hstart,88.63%,1.29%,end
[2J[Hstart,87.80%,1.29%,end
[2J[Hstart,87.80%,1.29%,end
[2J[Hstart,39.91%,0.07%,end
[2J[Hstart,39.91%,0.07%,end
[2J[Hstart,0.00%,0.07%,end
[2J[Hstart,0.00%,0.07%,end
[2J[Hstart,0.00%,0.07%,end
[2J[Hstart,0.00%,0.07%,end
[2J[Hstart,0.00%,0.07%,end
[2J[Hstart,0.00%,0.07%,end
[2J[Hstart,0.00%,0.07%,end
[2J[Hstart,0.00%,0.07%,end
[2J[Hstart,0.00%,0.07%,end
[2J[Hstart,95.02%,0.37%,end
[2J[Hstart,95.02%,0.37%,end
[2J[Hstart,100.19%,0.89%,end
[2J[Hstart,100.19%,0.89%,end
[2J[Hstart,84.97%,1.32%,end
[2J[Hstart,84.97%,1.32%,end
[2J[Hstart,59.63%,0.07%,end
[2J[Hstart,59.63%,0.07%,end
[2J[Hstart,0.01%,0.07%,end
[2J[Hstart,0.01%,0.07%,end
[2J[Hstart,23.94%,0.09%,end
[2J[Hstart,23.94%,0.09%,end
[2J[Hstart,10.64%,0.07%,end
[2J[Hstart,10.64%,0.07%,end
[2J[Hstart,0.00%,0.07%,end
[2J[Hstart,0.00%,0.07%,end
[2J[Hstart,33.75%,0.28%,end
[2J[Hstart,33.75%,0.28%,end
[2J[Hstart,94.78%,0.46%,end
[2J[Hstart,94.78%,0.46%,end
[2J[Hstart,98.41%,1.08%,end
[2J[Hstart,98.41%,1.08%,end
[2J[Hstart,109.09%,1.32%,end
[2J[Hstart,109.09%,1.32%,end
[2J[Hstart,64.70%,0.07%,end
[2J[Hstart,64.70%,0.07%,end
[2J[Hstart,0.01%,0.07%,end
[2J[Hstart,0.01%,0.07%,end
[2J[Hstart,0.00%,0.07%,end
[2J[Hstart,0.00%,0.07%,end
[2J[Hstart,24.42%,0.07%,end
[2J[Hstart,24.42%,0.07%,end
[2J[Hstart,0.00%,0.07%,end
[2J[Hstart,0.00%,0.07%,end
[2J[Hstart,23.62%,0.24%,end
[2J[Hstart,23.62%,0.24%,end
[2J[Hstart,94.21%,0.34%,end
[2J[Hstart,94.21%,0.34%,end
[2J[Hstart,94.21%,0.34%,end
[2J[Hstart,117.85%,0.93%,end
[2J[Hstart,117.85%,0.93%,end
[2J[Hstart,84.79%,1.32%,end
[2J[Hstart,84.79%,1.32%,end
[2J[Hstart,67.70%,0.07%,end
[2J[Hstart,67.70%,0.07%,end
[2J[Hstart,0.01%,0.07%,end
[2J[Hstart,0.01%,0.07%,end
[2J[Hstart,0.01%,0.07%,end
[2J[Hstart,23.20%,0.07%,end
[2J[Hstart,23.20%,0.07%,end
[2J[Hstart,0.00%,0.07%,end
[2J[Hstart,0.00%,0.07%,end
[2J[Hstart,0.00%,0.07%,end
[2J[Hstart,0.00%,0.07%,end
[2J[Hstart,61.62%,0.30%,end
[2J[Hstart,61.62%,0.30%,end
[2J[Hstart,100.29%,0.75%,end
[2J[Hstart,100.29%,0.75%,end
[2J[Hstart,89.91%,1.32%,end
[2J[Hstart,89.91%,1.32%,end
[2J[Hstart,83.04%,0.07%,end
[2J[Hstart,83.04%,0.07%,end
[2J[Hstart,31.74%,0.07%,end
[2J[Hstart,31.74%,0.07%,end
[2J[Hstart,0.00%,0.07%,end
[2J[Hstart,0.00%,0.07%,end
[2J[Hstart,0.00%,0.07%,end
[2J[Hstart,0.00%,0.07%,end
[2J[Hstart,0.00%,0.07%,end
[2J[Hstart,0.00%,0.07%,end
[2J[Hstart,6.29%,0.13%,end
[2J[Hstart,6.29%,0.13%,end
[2J[Hstart,122.85%,0.36%,end
[2J[Hstart,122.85%,0.36%,end
[2J[Hstart,100.74%,0.99%,end
[2J[Hstart,100.74%,0.99%,end
[2J[Hstart,82.26%,1.32%,end
[2J[Hstart,82.26%,1.32%,end
[2J[Hstart,73.29%,0.07%,end
[2J[Hstart,73.29%,0.07%,end
[2J[Hstart,9.89%,0.09%,end
[2J[Hstart,9.89%,0.09%,end
[2J[Hstart,9.89%,0.08%,end
[2J[Hstart,9.89%,0.08%,end
[2J[Hstart,0.00%,0.07%,end
[2J[Hstart,0.00%,0.07%,end
[2J[Hstart,0.00%,0.07%,end
[2J[Hstart,0.00%,0.07%,end
[2J[Hstart,15.00%,0.20%,end
[2J[Hstart,15.00%,0.20%,end
[2J[Hstart,15.00%,0.20%,end
[2J[Hstart,122.01%,0.46%,end
[2J[Hstart,122.01%,0.46%,end
[2J[Hstart,99.01%,1.01%,end
[2J[Hstart,99.01%,1.01%,end
[2J[Hstart,85.98%,1.30%,end
[2J[Hstart,85.98%,1.30%,end
[2J[Hstart,56.74%,0.07%,end
[2J[Hstart,56.74%,0.07%,end
[2J[Hstart,24.25%,0.07%,end
[2J[Hstart,24.25%,0.07%,end
[2J[Hstart,0.00%,0.07%,end
[2J[Hstart,0.00%,0.07%,end
[2J[Hstart,0.00%,0.07%,end
[2J[Hstart,0.00%,0.07%,end
[2J[Hstart,0.00%,0.07%,end
[2J[Hstart,0.00%,0.07%,end
[2J[Hstart,44.55%,0.28%,end
[2J[Hstart,44.55%,0.28%,end
[2J[Hstart,119.44%,0.64%,end
[2J[Hstart,119.44%,0.64%,end
[2J[Hstart,89.52%,1.32%,end
[2J[Hstart,89.52%,1.32%,end
[2J[Hstart,92.56%,1.29%,end
[2J[Hstart,92.56%,1.29%,end
[2J[Hstart,37.48%,0.07%,end
[2J[Hstart,37.48%,0.07%,end
[2J[Hstart,26.26%,0.07%,end
[2J[Hstart,26.26%,0.07%,end
[2J[Hstart,0.00%,0.07%,end
[2J[Hstart,0.00%,0.07%,end
[2J[Hstart,0.00%,0.07%,end
[2J[Hstart,0.00%,0.07%,end
[2J[Hstart,0.00%,0.07%,end
[2J[Hstart,0.00%,0.07%,end
[2J[Hstart,56.01%,0.30%,end
[2J[Hstart,56.01%,0.30%,end
[2J[Hstart,113.47%,0.57%,end
[2J[Hstart,113.47%,0.57%,end
[2J[Hstart,91.14%,1.27%,end
[2J[Hstart,91.14%,1.27%,end
[2J[Hstart,91.68%,1.32%,end
[2J[Hstart,91.68%,1.32%,end
[2J[Hstart,84.44%,0.07%,end
[2J[Hstart,84.44%,0.07%,end
[2J[Hstart,0.00%,0.07%,end
[2J[Hstart,0.00%,0.07%,end
[2J[Hstart,0.00%,0.07%,end
[2J[Hstart,0.00%,0.07%,end
[2J[Hstart,0.00%,0.07%,end
[2J[Hstart,0.00%,0.07%,end
[2J[Hstart,0.00%,0.07%,end
[2J[Hstart,0.00%,0.07%,end
[2J[Hstart,19.41%,0.07%,end
[2J[Hstart,19.41%,0.07%,end
[2J[Hstart,69.54%,0.30%,end
[2J[Hstart,69.54%,0.30%,end
[2J[Hstart,100.78%,0.73%,end
[2J[Hstart,100.78%,0.73%,end
[2J[Hstart,92.42%,1.32%,end
[2J[Hstart,92.42%,1.32%,end
[2J[Hstart,87.83%,1.29%,end
[2J[Hstart,87.83%,1.29%,end
[2J[Hstart,21.38%,0.08%,end
[2J[Hstart,21.38%,0.08%,end
[2J[Hstart,24.49%,0.07%,end
[2J[Hstart,24.49%,0.07%,end
[2J[Hstart,0.00%,0.07%,end
[2J[Hstart,0.00%,0.07%,end
[2J[Hstart,0.00%,0.07%,end
[2J[Hstart,0.00%,0.07%,end
[2J[Hstart,0.00%,0.07%,end
[2J[Hstart,0.00%,0.07%,end
[2J[Hstart,88.86%,0.30%,end
[2J[Hstart,88.86%,0.30%,end
[2J[Hstart,101.68%,0.52%,end
[2J[Hstart,101.68%,0.52%,end
[2J[Hstart,91.34%,1.23%,end
[2J[Hstart,91.34%,1.23%,end
[2J[Hstart,89.25%,1.34%,end
[2J[Hstart,89.25%,1.34%,end
[2J[Hstart,60.11%,0.09%,end
[2J[Hstart,60.11%,0.09%,end
[2J[Hstart,14.94%,0.07%,end
[2J[Hstart,14.94%,0.07%,end
[2J[Hstart,0.00%,0.07%,end
[2J[Hstart,0.00%,0.07%,end
[2J[Hstart,0.00%,0.07%,end
[2J[Hstart,0.00%,0.07%,end
[2J[Hstart,18.05%,0.08%,end
[2J[Hstart,18.05%,0.08%,end
[2J[Hstart,66.73%,0.30%,end
[2J[Hstart,66.73%,0.30%,end
[2J[Hstart,100.79%,0.65%,end
[2J[Hstart,100.79%,0.65%,end
[2J[Hstart,91.51%,1.33%,end
[2J[Hstart,91.51%,1.33%,end
[2J[Hstart,87.89%,1.29%,end
[2J[Hstart,87.89%,1.29%,end
[2J[Hstart,34.07%,0.08%,end
[2J[Hstart,34.07%,0.08%,end
[2J[Hstart,0.01%,0.08%,end
[2J[Hstart,0.01%,0.08%,end
[2J[Hstart,0.00%,0.08%,end
[2J[Hstart,0.00%,0.08%,end
[2J[Hstart,21.94%,0.09%,end
[2J[Hstart,21.94%,0.09%,end
[2J[Hstart,6.86%,0.08%,end
[2J[Hstart,6.86%,0.08%,end
[2J[Hstart,89.72%,0.32%,end
[2J[Hstart,89.72%,0.32%,end
[2J[Hstart,100.93%,0.94%,end
[2J[Hstart,100.93%,0.94%,end
[2J[Hstart,90.51%,1.33%,end
[2J[Hstart,90.51%,1.33%,end
[2J[Hstart,96.30%,1.30%,end
[2J[Hstart,96.30%,1.30%,end
[2J[Hstart,29.15%,0.08%,end
[2J[Hstart,29.15%,0.08%,end
[2J[Hstart,0.01%,0.08%,end
[2J[Hstart,0.01%,0.08%,end
[2J[Hstart,0.00%,0.08%,end
[2J[Hstart,0.00%,0.08%,end
[2J[Hstart,0.00%,0.08%,end
[2J[Hstart,26.28%,0.08%,end
[2J[Hstart,26.28%,0.08%,end
[2J[Hstart,0.00%,0.08%,end
[2J[Hstart,0.00%,0.08%,end
[2J[Hstart,95.28%,0.35%,end
[2J[Hstart,95.28%,0.35%,end
[2J[Hstart,99.41%,0.99%,end
[2J[Hstart,99.41%,0.99%,end
[2J[Hstart,84.86%,1.36%,end
[2J[Hstart,84.86%,1.36%,end
[2J[Hstart,84.86%,1.36%,end
[2J[Hstart,69.44%,0.08%,end
[2J[Hstart,69.44%,0.08%,end
[2J[Hstart,0.01%,0.08%,end
[2J[Hstart,0.01%,0.08%,end
[2J[Hstart,0.00%,0.08%,end
[2J[Hstart,0.00%,0.08%,end
[2J[Hstart,0.00%,0.08%,end
[2J[Hstart,0.00%,0.08%,end
[2J[Hstart,28.41%,0.08%,end
[2J[Hstart,28.41%,0.08%,end
[2J[Hstart,31.19%,0.26%,end
[2J[Hstart,31.19%,0.26%,end
[2J[Hstart,96.85%,0.39%,end
[2J[Hstart,96.85%,0.39%,end
[2J[Hstart,99.63%,0.99%,end
[2J[Hstart,99.63%,0.99%,end
[2J[Hstart,72.21%,1.34%,end
[2J[Hstart,72.21%,1.34%,end
[2J[Hstart,72.21%,1.34%,end
[2J[Hstart,94.88%,0.08%,end
[2J[Hstart,94.88%,0.08%,end
[2J[Hstart,0.02%,0.08%,end
[2J[Hstart,0.02%,0.08%,end
[2J[Hstart,0.00%,0.08%,end
[2J[Hstart,0.00%,0.08%,end
[2J[Hstart,0.00%,0.08%,end
[2J[Hstart,0.00%,0.08%,end
[2J[Hstart,31.57%,0.08%,end
[2J[Hstart,31.57%,0.08%,end
[2J[Hstart,6.05%,0.13%,end
[2J[Hstart,6.05%,0.13%,end
[2J[Hstart,100.31%,0.41%,end
[2J[Hstart,100.31%,0.41%,end
[2J[Hstart,97.63%,1.04%,end
[2J[Hstart,97.63%,1.04%,end
[2J[Hstart,87.91%,1.31%,end
[2J[Hstart,87.91%,1.31%,end
[2J[Hstart,53.19%,0.09%,end
[2J[Hstart,53.19%,0.09%,end
[2J[Hstart,53.19%,0.09%,end
[2J[Hstart,13.94%,0.08%,end
[2J[Hstart,13.94%,0.08%,end
[2J[Hstart,0.00%,0.08%,end
[2J[Hstart,0.00%,0.08%,end
[2J[Hstart,0.00%,0.08%,end
[2J[Hstart,0.00%,0.08%,end
[2J[Hstart,0.00%,0.08%,end
[2J[Hstart,0.00%,0.08%,end
[2J[Hstart,80.51%,0.30%,end
[2J[Hstart,80.51%,0.30%,end
[2J[Hstart,104.14%,0.63%,end
[2J[Hstart,104.14%,0.63%,end
[2J[Hstart,98.14%,1.33%,end
[2J[Hstart,98.14%,1.33%,end
[2J[Hstart,89.09%,1.32%,end
[2J[Hstart,89.09%,1.32%,end
[2J[Hstart,24.50%,0.07%,end
[2J[Hstart,24.50%,0.07%,end
[2J[Hstart,0.00%,0.07%,end
[2J[Hstart,0.00%,0.07%,end
[2J[Hstart,0.00%,0.07%,end
[2J[Hstart,0.00%,0.07%,end
[2J[Hstart,0.00%,0.07%,end
[2J[Hstart,0.00%,0.07%,end
[2J[Hstart,0.00%,0.07%,end
[2J[Hstart,30.32%,0.20%,end
[2J[Hstart,30.32%,0.20%,end
[2J[Hstart,99.86%,0.46%,end
[2J[Hstart,99.86%,0.46%,end
[2J[Hstart,98.21%,0.85%,end
[2J[Hstart,98.21%,0.85%,end
[2J[Hstart,85.13%,1.36%,end
[2J[Hstart,85.13%,1.36%,end
[2J[Hstart,94.70%,0.09%,end
[2J[Hstart,94.70%,0.09%,end
[2J[Hstart,6.52%,0.08%,end
[2J[Hstart,6.52%,0.08%,end
[2J[Hstart,0.00%,0.08%,end
[2J[Hstart,0.00%,0.08%,end
[2J[Hstart,0.00%,0.08%,end
[2J[Hstart,0.00%,0.08%,end
[2J[Hstart,0.00%,0.08%,end
[2J[Hstart,0.00%,0.08%,end
[2J[Hstart,0.00%,0.08%,end
[2J[Hstart,54.14%,0.30%,end
[2J[Hstart,54.14%,0.30%,end
[2J[Hstart,99.42%,0.63%,end
[2J[Hstart,99.42%,0.63%,end
[2J[Hstart,89.75%,1.32%,end
[2J[Hstart,89.75%,1.32%,end
[2J[Hstart,87.16%,1.33%,end
[2J[Hstart,87.16%,1.33%,end
[2J[Hstart,87.16%,1.33%,end
[2J[Hstart,87.16%,1.33%,end
[2J[Hstart,35.41%,0.07%,end
[2J[Hstart,35.41%,0.07%,end
[2J[Hstart,0.00%,0.07%,end
[2J[Hstart,0.00%,0.07%,end
[2J[Hstart,0.00%,0.07%,end
[2J[Hstart,0.00%,0.07%,end
[2J[Hstart,0.00%,0.07%,end
[2J[Hstart,0.00%,0.07%,end
[2J[Hstart,77.72%,0.27%,end
[2J[Hstart,77.72%,0.27%,end
[2J[Hstart,97.22%,0.42%,end
[2J[Hstart,97.22%,0.42%,end
[2J[Hstart,100.32%,1.16%,end
[2J[Hstart,100.32%,1.16%,end
[2J[Hstart,84.00%,1.31%,end
[2J[Hstart,84.00%,1.31%,end
[2J[Hstart,76.37%,0.07%,end
[2J[Hstart,76.37%,0.07%,end
[2J[Hstart,0.00%,0.07%,end
[2J[Hstart,0.00%,0.07%,end
[2J[Hstart,0.00%,0.07%,end
[2J[Hstart,0.00%,0.07%,end
[2J[Hstart,0.00%,0.07%,end
[2J[Hstart,0.00%,0.07%,end
[2J[Hstart,0.00%,0.07%,end
[2J[Hstart,23.97%,0.08%,end
[2J[Hstart,23.97%,0.08%,end
[2J[Hstart,61.81%,0.29%,end
[2J[Hstart,61.81%,0.29%,end
[2J[Hstart,98.23%,0.52%,end
[2J[Hstart,98.23%,0.52%,end
[2J[Hstart,90.72%,1.19%,end
[2J[Hstart,90.72%,1.19%,end
[2J[Hstart,119.51%,1.30%,end
[2J[Hstart,119.51%,1.30%,end
[2J[Hstart,51.90%,0.07%,end
[2J[Hstart,51.90%,0.07%,end
[2J[Hstart,0.00%,0.07%,end
[2J[Hstart,0.00%,0.07%,end
[2J[Hstart,0.00%,0.07%,end
[2J[Hstart,0.00%,0.07%,end
[2J[Hstart,0.00%,0.07%,end
[2J[Hstart,0.00%,0.07%,end
[2J[Hstart,0.00%,0.07%,end
[2J[Hstart,0.00%,0.07%,end
[2J[Hstart,0.00%,0.07%,end
[2J[Hstart,72.91%,0.30%,end
[2J[Hstart,72.91%,0.30%,end
[2J[Hstart,99.34%,0.69%,end
[2J[Hstart,99.34%,0.69%,end
[2J[Hstart,90.14%,1.33%,end
[2J[Hstart,90.14%,1.33%,end
[2J[Hstart,89.20%,1.28%,end
[2J[Hstart,89.20%,1.28%,end
[2J[Hstart,60.34%,0.08%,end
[2J[Hstart,60.34%,0.08%,end
[2J[Hstart,0.01%,0.08%,end
[2J[Hstart,0.01%,0.08%,end
[2J[Hstart,0.00%,0.08%,end
[2J[Hstart,0.00%,0.08%,end
[2J[Hstart,0.00%,0.08%,end
[2J[Hstart,0.00%,0.08%,end
[2J[Hstart,22.30%,0.08%,end
[2J[Hstart,22.30%,0.08%,end
[2J[Hstart,88.20%,0.35%,end
[2J[Hstart,88.20%,0.35%,end
[2J[Hstart,100.81%,1.00%,end
[2J[Hstart,100.81%,1.00%,end
[2J[Hstart,80.93%,1.32%,end
[2J[Hstart,80.93%,1.32%,end
[2J[Hstart,80.93%,1.32%,end
[2J[Hstart,87.04%,0.08%,end
[2J[Hstart,87.04%,0.08%,end
[2J[Hstart,0.00%,0.08%,end
[2J[Hstart,0.00%,0.08%,end
[2J[Hstart,0.00%,0.08%,end
[2J[Hstart,0.00%,0.08%,end
[2J[Hstart,0.00%,0.08%,end
[2J[Hstart,0.00%,0.08%,end
[2J[Hstart,26.39%,0.08%,end
[2J[Hstart,26.39%,0.08%,end
[2J[Hstart,24.92%,0.22%,end
[2J[Hstart,24.92%,0.22%,end
[2J[Hstart,98.56%,0.32%,end
[2J[Hstart,98.56%,0.32%,end
[2J[Hstart,100.32%,0.78%,end
[2J[Hstart,100.32%,0.78%,end
[2J[Hstart,87.78%,1.24%,end
[2J[Hstart,87.78%,1.24%,end
[2J[Hstart,89.08%,1.32%,end
[2J[Hstart,89.08%,1.32%,end
[2J[Hstart,31.24%,0.08%,end
[2J[Hstart,31.24%,0.08%,end
[2J[Hstart,0.00%,0.08%,end
[2J[Hstart,0.00%,0.08%,end
[2J[Hstart,0.00%,0.08%,end
[2J[Hstart,0.00%,0.08%,end
[2J[Hstart,0.00%,0.08%,end
[2J[Hstart,20.97%,0.08%,end
[2J[Hstart,20.97%,0.08%,end
[2J[Hstart,18.59%,0.23%,end
[2J[Hstart,18.59%,0.23%,end
[2J[Hstart,98.50%,0.48%,end
[2J[Hstart,98.50%,0.48%,end
[2J[Hstart,98.50%,1.17%,end
[2J[Hstart,98.50%,1.17%,end
[2J[Hstart,86.69%,1.33%,end
[2J[Hstart,86.69%,1.33%,end
[2J[Hstart,86.69%,1.33%,end
[2J[Hstart,86.21%,0.08%,end
[2J[Hstart,86.21%,0.08%,end
[2J[Hstart,0.01%,0.08%,end
[2J[Hstart,0.01%,0.08%,end
[2J[Hstart,0.00%,0.08%,end
[2J[Hstart,0.00%,0.08%,end
[2J[Hstart,0.00%,0.08%,end
[2J[Hstart,0.00%,0.08%,end
[2J[Hstart,30.23%,0.08%,end
[2J[Hstart,30.23%,0.08%,end
[2J[Hstart,30.71%,0.26%,end
[2J[Hstart,30.71%,0.26%,end
[2J[Hstart,97.86%,0.47%,end
[2J[Hstart,97.86%,0.47%,end
[2J[Hstart,100.07%,1.03%,end
[2J[Hstart,100.07%,1.03%,end
[2J[Hstart,85.63%,1.32%,end
[2J[Hstart,85.63%,1.32%,end
[2J[Hstart,87.37%,1.32%,end
[2J[Hstart,87.37%,1.32%,end
[2J[Hstart,32.19%,0.08%,end
[2J[Hstart,32.19%,0.08%,end
[2J[Hstart,0.00%,0.08%,end
[2J[Hstart,0.00%,0.08%,end
[2J[Hstart,0.00%,0.08%,end
[2J[Hstart,0.00%,0.08%,end
[2J[Hstart,0.00%,0.08%,end
[2J[Hstart,0.00%,0.08%,end
[2J[Hstart,26.94%,0.08%,end
[2J[Hstart,26.94%,0.08%,end
[2J[Hstart,77.59%,0.30%,end
[2J[Hstart,77.59%,0.30%,end
[2J[Hstart,100.50%,0.73%,end
[2J[Hstart,100.50%,0.73%,end
[2J[Hstart,89.65%,1.33%,end
[2J[Hstart,89.65%,1.33%,end
[2J[Hstart,89.15%,1.31%,end
[2J[Hstart,89.15%,1.31%,end
[2J[Hstart,89.15%,1.31%,end
[2J[Hstart,32.39%,0.08%,end
[2J[Hstart,32.39%,0.08%,end
[2J[Hstart,0.00%,0.08%,end
[2J[Hstart,0.00%,0.08%,end
[2J[Hstart,0.00%,0.08%,end
[2J[Hstart,0.00%,0.08%,end
[2J[Hstart,0.00%,0.08%,end
[2J[Hstart,0.00%,0.08%,end
[2J[Hstart,44.20%,0.16%,end
[2J[Hstart,44.20%,0.16%,end
[2J[Hstart,104.43%,0.44%,end
[2J[Hstart,104.43%,0.44%,end
[2J[Hstart,99.77%,1.17%,end
[2J[Hstart,99.77%,1.17%,end
[2J[Hstart,80.17%,1.33%,end
[2J[Hstart,80.17%,1.33%,end
[2J[Hstart,34.52%,0.08%,end
[2J[Hstart,34.52%,0.08%,end
[2J[Hstart,0.00%,0.08%,end
[2J[Hstart,0.00%,0.08%,end
[2J[Hstart,26.07%,0.09%,end
[2J[Hstart,26.07%,0.09%,end
[2J[Hstart,26.07%,0.09%,end
[2J[Hstart,2.21%,0.08%,end
[2J[Hstart,2.21%,0.08%,end
[2J[Hstart,0.00%,0.08%,end
[2J[Hstart,0.00%,0.08%,end
[2J[Hstart,74.44%,0.30%,end
[2J[Hstart,74.44%,0.30%,end
[2J[Hstart,101.35%,0.68%,end
[2J[Hstart,101.35%,0.68%,end
[2J[Hstart,94.10%,1.13%,end
[2J[Hstart,94.10%,1.13%,end
[2J[Hstart,82.78%,1.32%,end
[2J[Hstart,82.78%,1.32%,end
[2J[Hstart,61.35%,0.08%,end
[2J[Hstart,61.35%,0.08%,end
[2J[Hstart,0.00%,0.08%,end
[2J[Hstart,0.00%,0.08%,end
[2J[Hstart,0.00%,0.08%,end
[2J[Hstart,0.00%,0.08%,end
[2J[Hstart,30.46%,0.08%,end
[2J[Hstart,30.46%,0.08%,end
[2J[Hstart,0.00%,0.08%,end
[2J[Hstart,0.00%,0.08%,end
[2J[Hstart,38.66%,0.27%,end
[2J[Hstart,38.66%,0.27%,end
[2J[Hstart,100.40%,0.53%,end
[2J[Hstart,100.40%,0.53%,end
[2J[Hstart,91.74%,1.18%,end
[2J[Hstart,91.74%,1.18%,end
[2J[Hstart,101.87%,1.32%,end
[2J[Hstart,101.87%,1.32%,end
[2J[Hstart,74.52%,0.07%,end
[2J[Hstart,74.52%,0.07%,end
[2J[Hstart,0.01%,0.07%,end
[2J[Hstart,0.01%,0.07%,end
[2J[Hstart,0.00%,0.07%,end
[2J[Hstart,0.00%,0.07%,end
[2J[Hstart,0.00%,0.07%,end
[2J[Hstart,0.00%,0.07%,end
[2J[Hstart,28.86%,0.07%,end
[2J[Hstart,28.86%,0.07%,end
[2J[Hstart,33.66%,0.27%,end
[2J[Hstart,33.66%,0.27%,end
[2J[Hstart,100.35%,0.57%,end
[2J[Hstart,100.35%,0.57%,end
[2J[Hstart,96.41%,1.17%,end
[2J[Hstart,96.41%,1.17%,end
[2J[Hstart,85.46%,1.32%,end
[2J[Hstart,85.46%,1.32%,end
[2J[Hstart,93.17%,0.08%,end
[2J[Hstart,93.17%,0.08%,end
[2J[Hstart,0.00%,0.08%,end
[2J[Hstart,0.00%,0.08%,end
[2J[Hstart,0.00%,0.08%,end
[2J[Hstart,0.00%,0.08%,end
[2J[Hstart,0.00%,0.08%,end
[2J[Hstart,0.00%,0.08%,end
[2J[Hstart,5.24%,0.08%,end
[2J[Hstart,5.24%,0.08%,end
[2J[Hstart,5.24%,0.08%,end
[2J[Hstart,47.49%,0.28%,end
[2J[Hstart,47.49%,0.28%,end
[2J[Hstart,99.75%,0.58%,end
[2J[Hstart,99.75%,0.58%,end
[2J[Hstart,91.20%,1.31%,end
[2J[Hstart,91.20%,1.31%,end
[2J[Hstart,88.28%,1.31%,end
[2J[Hstart,88.28%,1.31%,end
[2J[Hstart,50.11%,0.08%,end
[2J[Hstart,50.11%,0.08%,end
[2J[Hstart,0.00%,0.08%,end
[2J[Hstart,0.00%,0.08%,end
[2J[Hstart,0.00%,0.08%,end
[2J[Hstart,0.00%,0.08%,end
[2J[Hstart,0.00%,0.08%,end
[2J[Hstart,0.00%,0.08%,end
[2J[Hstart,0.00%,0.08%,end
[2J[Hstart,0.00%,0.08%,end
[2J[Hstart,0.00%,0.08%,end
[2J[Hstart,0.00%,0.08%,end
[2J[Hstart,90.76%,0.73%,end
[2J[Hstart,90.76%,0.73%,end
[2J[Hstart,90.34%,1.32%,end
[2J[Hstart,90.34%,1.32%,end
[2J[Hstart,89.63%,0.99%,end
[2J[Hstart,89.63%,0.99%,end
[2J[Hstart,1.15%,0.08%,end
[2J[Hstart,1.15%,0.08%,end
[2J[Hstart,0.00%,0.08%,end
[2J[Hstart,0.00%,0.08%,end
[2J[Hstart,0.00%,0.08%,end
[2J[Hstart,15.90%,0.08%,end
[2J[Hstart,15.90%,0.08%,end
[2J[Hstart,0.00%,0.08%,end
[2J[Hstart,0.00%,0.08%,end
[2J[Hstart,34.05%,0.24%,end
[2J[Hstart,34.05%,0.24%,end
[2J[Hstart,93.89%,0.41%,end
[2J[Hstart,93.89%,0.41%,end
[2J[Hstart,98.94%,0.93%,end
[2J[Hstart,98.94%,0.93%,end
[2J[Hstart,85.45%,1.32%,end
[2J[Hstart,85.45%,1.32%,end
[2J[Hstart,70.01%,0.08%,end
[2J[Hstart,70.01%,0.08%,end
[2J[Hstart,34.25%,0.08%,end
[2J[Hstart,34.25%,0.08%,end
[2J[Hstart,0.00%,0.08%,end
[2J[Hstart,0.00%,0.08%,end
[2J[Hstart,0.00%,0.08%,end
[2J[Hstart,0.00%,0.08%,end
[2J[Hstart,0.00%,0.08%,end
[2J[Hstart,0.00%,0.08%,end
[2J[Hstart,22.85%,0.24%,end
[2J[Hstart,22.85%,0.24%,end
[2J[Hstart,22.85%,0.24%,end
[2J[Hstart,22.85%,0.24%,end
[2J[Hstart,--,--,end
[2J[Hstart,96.26%,0.78%,end
[2J[Hstart,96.26%,0.78%,end
[2J[Hstart,85.48%,1.33%,end
[2J[Hstart,85.48%,1.33%,end
[2J[Hstart,88.60%,1.32%,end
[2J[Hstart,88.60%,1.32%,end
[2J[Hstart,33.47%,0.08%,end
[2J[Hstart,33.47%,0.08%,end
[2J[Hstart,0.00%,0.08%,end
[2J[Hstart,0.00%,0.08%,end
[2J[Hstart,0.00%,0.08%,end
[2J[Hstart,0.00%,0.08%,end
[2J[Hstart,18.95%,0.08%,end
[2J[Hstart,18.95%,0.08%,end
[2J[Hstart,0.00%,0.08%,end
[2J[Hstart,0.00%,0.08%,end
[2J[Hstart,37.85%,0.27%,end
[2J[Hstart,37.85%,0.27%,end
[2J[Hstart,100.27%,0.44%,end
[2J[Hstart,100.27%,0.44%,end
[2J[Hstart,99.01%,1.00%,end
[2J[Hstart,99.01%,1.00%,end
[2J[Hstart,103.03%,1.32%,end
[2J[Hstart,103.03%,1.32%,end
[2J[Hstart,85.91%,1.29%,end
[2J[Hstart,85.91%,1.29%,end
[2J[Hstart,17.70%,0.08%,end
[2J[Hstart,17.70%,0.08%,end
[2J[Hstart,0.00%,0.08%,end
[2J[Hstart,0.00%,0.08%,end
[2J[Hstart,33.40%,0.08%,end
[2J[Hstart,33.40%,0.08%,end
[2J[Hstart,0.00%,0.08%,end
[2J[Hstart,0.00%,0.08%,end
[2J[Hstart,0.00%,0.08%,end
[2J[Hstart,0.00%,0.08%,end
[2J[Hstart,79.38%,0.29%,end
[2J[Hstart,79.38%,0.29%,end
[2J[Hstart,106.07%,0.81%,end
[2J[Hstart,106.07%,0.81%,end
[2J[Hstart,96.99%,1.33%,end
[2J[Hstart,96.99%,1.33%,end
[2J[Hstart,84.81%,1.33%,end
[2J[Hstart,84.81%,1.33%,end
[2J[Hstart,33.26%,0.08%,end
[2J[Hstart,33.26%,0.08%,end
[2J[Hstart,0.00%,0.08%,end
[2J[Hstart,0.00%,0.08%,end
[2J[Hstart,0.00%,0.08%,end
[2J[Hstart,0.00%,0.08%,end
[2J[Hstart,3.83%,0.09%,end
[2J[Hstart,3.83%,0.09%,end
[2J[Hstart,29.19%,0.08%,end
[2J[Hstart,29.19%,0.08%,end
[2J[Hstart,63.73%,0.30%,end
[2J[Hstart,63.73%,0.30%,end
[2J[Hstart,94.18%,0.53%,end
[2J[Hstart,94.18%,0.53%,end
[2J[Hstart,98.46%,1.07%,end
[2J[Hstart,98.46%,1.07%,end
[2J[Hstart,98.46%,1.07%,end
[2J[Hstart,95.03%,1.33%,end
[2J[Hstart,95.03%,1.33%,end
[2J[Hstart,25.65%,0.08%,end
[2J[Hstart,25.65%,0.08%,end
[2J[Hstart,0.00%,0.08%,end
[2J[Hstart,0.00%,0.08%,end
[2J[Hstart,0.00%,0.08%,end
[2J[Hstart,0.00%,0.08%,end
[2J[Hstart,0.00%,0.08%,end
[2J[Hstart,20.40%,0.08%,end
[2J[Hstart,20.40%,0.08%,end
[2J[Hstart,0.00%,0.08%,end
[2J[Hstart,0.00%,0.08%,end
[2J[Hstart,87.18%,0.29%,end
[2J[Hstart,87.18%,0.29%,end
[2J[Hstart,99.46%,0.87%,end
[2J[Hstart,99.46%,0.87%,end
[2J[Hstart,99.46%,0.87%,end
[2J[Hstart,99.93%,0.08%,end
[2J[Hstart,99.93%,0.08%,end
[2J[Hstart,0.00%,0.08%,end
[2J[Hstart,0.00%,0.08%,end
[2J[Hstart,0.00%,0.08%,end
[2J[Hstart,0.00%,0.08%,end
[2J[Hstart,0.00%,0.08%,end
[2J[Hstart,0.00%,0.08%,end
[2J[Hstart,18.10%,0.08%,end
[2J[Hstart,18.10%,0.08%,end
[2J[Hstart,17.46%,0.11%,end
[2J[Hstart,17.46%,0.11%,end
[2J[Hstart,99.98%,0.33%,end
[2J[Hstart,99.98%,0.33%,end
[2J[Hstart,99.98%,0.33%,end
[2J[Hstart,86.50%,0.78%,end
[2J[Hstart,86.50%,0.78%,end
[2J[Hstart,86.04%,1.33%,end
[2J[Hstart,86.04%,1.33%,end
[2J[Hstart,99.95%,1.24%,end
[2J[Hstart,99.95%,1.24%,end
[2J[Hstart,5.25%,0.08%,end
[2J[Hstart,5.25%,0.08%,end
[2J[Hstart,0.00%,0.08%,end
[2J[Hstart,0.00%,0.08%,end
[2J[Hstart,0.00%,0.08%,end
[2J[Hstart,0.00%,0.08%,end
[2J[Hstart,0.00%,0.08%,end
[2J[Hstart,0.00%,0.08%,end
[2J[Hstart,0.00%,0.08%,end
[2J[Hstart,23.26%,0.10%,end
[2J[Hstart,23.26%,0.10%,end
[2J[Hstart,102.24%,0.37%,end
[2J[Hstart,102.24%,0.37%,end
[2J[Hstart,98.65%,0.91%,end
[2J[Hstart,98.65%,0.91%,end
[2J[Hstart,83.81%,1.36%,end
[2J[Hstart,83.81%,1.36%,end
[2J[Hstart,85.46%,1.21%,end
[2J[Hstart,85.46%,1.21%,end
[2J[Hstart,11.64%,0.09%,end
[2J[Hstart,11.64%,0.09%,end
[2J[Hstart,12.10%,0.08%,end
[2J[Hstart,12.10%,0.08%,end
[2J[Hstart,0.00%,0.08%,end
[2J[Hstart,0.00%,0.08%,end
[2J[Hstart,0.00%,0.08%,end
[2J[Hstart,0.00%,0.08%,end
[2J[Hstart,3.55%,0.10%,end
[2J[Hstart,3.55%,0.10%,end
[2J[Hstart,116.90%,0.30%,end
[2J[Hstart,116.90%,0.30%,end
[2J[Hstart,100.75%,0.66%,end
[2J[Hstart,100.75%,0.66%,end
[2J[Hstart,89.96%,1.32%,end
[2J[Hstart,89.96%,1.32%,end
[2J[Hstart,83.83%,1.28%,end
[2J[Hstart,83.83%,1.28%,end
[2J[Hstart,83.83%,1.28%,end
[2J[Hstart,56.20%,0.08%,end
[2J[Hstart,56.20%,0.08%,end
[2J[Hstart,0.00%,0.08%,end
[2J[Hstart,0.00%,0.08%,end
[2J[Hstart,0.00%,0.08%,end
[2J[Hstart,0.00%,0.08%,end
[2J[Hstart,0.00%,0.08%,end
[2J[Hstart,0.00%,0.08%,end
[2J[Hstart,4.45%,0.08%,end
[2J[Hstart,4.45%,0.08%,end
[2J[Hstart,96.10%,0.27%,end
[2J[Hstart,96.10%,0.27%,end
[2J[Hstart,100.27%,0.78%,end
[2J[Hstart,100.27%,0.78%,end
[2J[Hstart,91.00%,1.33%,end
[2J[Hstart,91.00%,1.33%,end
[2J[Hstart,89.03%,1.30%,end
[2J[Hstart,89.03%,1.30%,end
[2J[Hstart,89.03%,1.30%,end
[2J[Hstart,45.25%,0.08%,end
[2J[Hstart,45.25%,0.08%,end
[2J[Hstart,0.00%,0.08%,end
[2J[Hstart,0.00%,0.08%,end
[2J[Hstart,0.00%,0.08%,end
[2J[Hstart,0.00%,0.08%,end
[2J[Hstart,0.00%,0.08%,end
[2J[Hstart,0.00%,0.08%,end
[2J[Hstart,29.14%,0.17%,end
[2J[Hstart,29.14%,0.17%,end
[2J[Hstart,99.22%,0.48%,end
[2J[Hstart,99.22%,0.48%,end
[2J[Hstart,95.83%,1.18%,end
[2J[Hstart,95.83%,1.18%,end
[2J[Hstart,90.45%,1.30%,end
[2J[Hstart,90.45%,1.30%,end
[2J[Hstart,90.34%,0.08%,end
[2J[Hstart,90.34%,0.08%,end
[2J[Hstart,0.01%,0.08%,end
[2J[Hstart,0.01%,0.08%,end
[2J[Hstart,0.00%,0.08%,end
[2J[Hstart,0.00%,0.08%,end
[2J[Hstart,0.00%,0.08%,end
[2J[Hstart,0.00%,0.08%,end
[2J[Hstart,0.00%,0.08%,end
[2J[Hstart,0.00%,0.08%,end
[2J[Hstart,0.00%,0.08%,end
[2J[Hstart,0.00%,0.08%,end
[2J[Hstart,65.39%,0.30%,end
[2J[Hstart,65.39%,0.30%,end
[2J[Hstart,96.44%,0.59%,end
[2J[Hstart,96.44%,0.59%,end
[2J[Hstart,85.46%,1.20%,end
[2J[Hstart,85.46%,1.20%,end
[2J[Hstart,87.27%,1.34%,end
[2J[Hstart,87.27%,1.34%,end
[2J[Hstart,76.16%,0.08%,end
[2J[Hstart,76.16%,0.08%,end
[2J[Hstart,0.01%,0.08%,end
[2J[Hstart,0.01%,0.08%,end
[2J[Hstart,0.00%,0.08%,end
[2J[Hstart,0.00%,0.08%,end
[2J[Hstart,0.00%,0.08%,end
[2J[Hstart,0.00%,0.08%,end
[2J[Hstart,0.00%,0.08%,end
[2J[Hstart,0.00%,0.08%,end
[2J[Hstart,76.85%,0.30%,end
[2J[Hstart,76.85%,0.30%,end
[2J[Hstart,100.38%,0.59%,end
[2J[Hstart,100.38%,0.59%,end
[2J[Hstart,91.24%,1.33%,end
[2J[Hstart,91.24%,1.33%,end
[2J[Hstart,88.03%,1.32%,end
[2J[Hstart,88.03%,1.32%,end
[2J[Hstart,88.03%,1.32%,end
[2J[Hstart,48.71%,0.08%,end
[2J[Hstart,48.71%,0.08%,end
[2J[Hstart,0.00%,0.08%,end
[2J[Hstart,0.00%,0.08%,end
[2J[Hstart,0.00%,0.08%,end
[2J[Hstart,0.00%,0.08%,end
[2J[Hstart,0.00%,0.08%,end
[2J[Hstart,0.00%,0.08%,end
[2J[Hstart,0.00%,0.08%,end
[2J[Hstart,0.00%,0.08%,end
[2J[Hstart,0.00%,0.08%,end
[2J[Hstart,94.52%,0.34%,end
[2J[Hstart,94.52%,0.34%,end
[2J[Hstart,99.55%,0.96%,end
[2J[Hstart,99.55%,0.96%,end
[2J[Hstart,86.17%,1.34%,end
[2J[Hstart,86.17%,1.34%,end
[2J[Hstart,67.07%,0.08%,end
[2J[Hstart,67.07%,0.08%,end
[2J[Hstart,0.01%,0.08%,end
[2J[Hstart,0.01%,0.08%,end
[2J[Hstart,30.45%,0.08%,end
[2J[Hstart,30.45%,0.08%,end
[2J[Hstart,0.00%,0.08%,end
[2J[Hstart,0.00%,0.08%,end
[2J[Hstart,0.00%,0.08%,end
[2J[Hstart,0.00%,0.08%,end
[2J[Hstart,23.49%,0.22%,end
[2J[Hstart,23.49%,0.22%,end
[2J[Hstart,98.41%,0.35%,end
[2J[Hstart,98.41%,0.35%,end
[2J[Hstart,92.03%,0.81%,end
[2J[Hstart,92.03%,0.81%,end
[2J[Hstart,103.07%,1.33%,end
[2J[Hstart,103.07%,1.33%,end
[2J[Hstart,86.60%,1.32%,end
[2J[Hstart,86.60%,1.32%,end
[2J[Hstart,27.79%,0.08%,end
[2J[Hstart,27.79%,0.08%,end
[2J[Hstart,0.00%,0.08%,end
[2J[Hstart,0.00%,0.08%,end
[2J[Hstart,28.30%,0.08%,end
[2J[Hstart,28.30%,0.08%,end
[2J[Hstart,0.00%,0.08%,end
[2J[Hstart,0.00%,0.08%,end
[2J[Hstart,0.00%,0.08%,end
[2J[Hstart,0.00%,0.08%,end
[2J[Hstart,72.18%,0.30%,end
[2J[Hstart,72.18%,0.30%,end
[2J[Hstart,98.48%,0.64%,end
[2J[Hstart,98.48%,0.64%,end
[2J[Hstart,89.83%,1.29%,end
[2J[Hstart,89.83%,1.29%,end
[2J[Hstart,89.83%,1.29%,end
[2J[Hstart,107.41%,1.31%,end
[2J[Hstart,107.41%,1.31%,end
[2J[Hstart,23.42%,0.08%,end
[2J[Hstart,23.42%,0.08%,end
[2J[Hstart,0.00%,0.08%,end
[2J[Hstart,0.00%,0.08%,end
[2J[Hstart,0.00%,0.08%,end
[2J[Hstart,0.00%,0.08%,end
[2J[Hstart,26.64%,0.08%,end
[2J[Hstart,26.64%,0.08%,end
[2J[Hstart,0.00%,0.08%,end
[2J[Hstart,0.00%,0.08%,end
[2J[Hstart,75.47%,0.30%,end
[2J[Hstart,75.47%,0.30%,end
[2J[Hstart,100.43%,0.69%,end
[2J[Hstart,100.43%,0.69%,end
[2J[Hstart,90.17%,1.33%,end
[2J[Hstart,90.17%,1.33%,end
[2J[Hstart,88.74%,1.31%,end
[2J[Hstart,88.74%,1.31%,end
[2J[Hstart,38.70%,0.08%,end
[2J[Hstart,38.70%,0.08%,end
[2J[Hstart,0.01%,0.08%,end
[2J[Hstart,0.01%,0.08%,end
[2J[Hstart,0.00%,0.08%,end
[2J[Hstart,0.00%,0.08%,end
[2J[Hstart,0.00%,0.08%,end
[2J[Hstart,0.00%,0.08%,end
[2J[Hstart,0.00%,0.08%,end
[2J[Hstart,0.00%,0.08%,end
[2J[Hstart,0.00%,0.08%,end
[2J[Hstart,100.49%,0.35%,end
[2J[Hstart,100.49%,0.35%,end
[2J[Hstart,98.61%,0.78%,end
[2J[Hstart,98.61%,0.78%,end
[2J[Hstart,82.84%,1.33%,end
[2J[Hstart,82.84%,1.33%,end
[2J[Hstart,89.20%,1.32%,end
[2J[Hstart,89.20%,1.32%,end
[2J[Hstart,75.10%,0.09%,end
[2J[Hstart,75.10%,0.09%,end
[2J[Hstart,5.90%,0.08%,end
[2J[Hstart,5.90%,0.08%,end
[2J[Hstart,0.00%,0.08%,end
[2J[Hstart,0.00%,0.08%,end
[2J[Hstart,0.00%,0.08%,end
[2J[Hstart,0.00%,0.08%,end
[2J[Hstart,24.55%,0.08%,end
[2J[Hstart,24.55%,0.08%,end
[2J[Hstart,46.55%,0.29%,end
[2J[Hstart,46.55%,0.29%,end
[2J[Hstart,99.02%,0.52%,end
[2J[Hstart,99.02%,0.52%,end
[2J[Hstart,96.04%,1.18%,end
[2J[Hstart,96.04%,1.18%,end
[2J[Hstart,85.31%,1.32%,end
[2J[Hstart,85.31%,1.32%,end
[2J[Hstart,61.33%,0.08%,end
[2J[Hstart,61.33%,0.08%,end
[2J[Hstart,0.01%,0.08%,end
[2J[Hstart,0.01%,0.08%,end
[2J[Hstart,0.00%,0.08%,end
[2J[Hstart,0.00%,0.08%,end
[2J[Hstart,0.00%,0.08%,end
[2J[Hstart,0.00%,0.08%,end
[2J[Hstart,0.00%,0.08%,end
[2J[Hstart,24.76%,0.08%,end
[2J[Hstart,24.76%,0.08%,end
[2J[Hstart,65.40%,0.30%,end
[2J[Hstart,65.40%,0.30%,end
[2J[Hstart,101.21%,0.62%,end
[2J[Hstart,101.21%,0.62%,end
[2J[Hstart,91.18%,1.27%,end
[2J[Hstart,91.18%,1.27%,end
[2J[Hstart,92.14%,1.30%,end
[2J[Hstart,92.14%,1.30%,end
[2J[Hstart,55.67%,0.08%,end
[2J[Hstart,55.67%,0.08%,end
[2J[Hstart,0.00%,0.08%,end
[2J[Hstart,0.00%,0.08%,end
[2J[Hstart,0.00%,0.08%,end
[2J[Hstart,0.00%,0.08%,end
[2J[Hstart,0.00%,0.08%,end
[2J[Hstart,0.00%,0.08%,end
[2J[Hstart,0.00%,0.08%,end
[2J[Hstart,19.20%,0.08%,end
[2J[Hstart,19.20%,0.08%,end
[2J[Hstart,98.40%,0.37%,end
[2J[Hstart,98.40%,0.37%,end
[2J[Hstart,100.83%,1.03%,end
[2J[Hstart,100.83%,1.03%,end
[2J[Hstart,83.70%,1.32%,end
[2J[Hstart,83.70%,1.32%,end
[2J[Hstart,69.93%,0.08%,end
[2J[Hstart,69.93%,0.08%,end
[2J[Hstart,0.00%,0.08%,end
[2J[Hstart,0.00%,0.08%,end
[2J[Hstart,0.01%,0.08%,end
[2J[Hstart,0.01%,0.08%,end
[2J[Hstart,22.68%,0.08%,end
[2J[Hstart,22.68%,0.08%,end
[2J[Hstart,0.00%,0.08%,end
[2J[Hstart,0.00%,0.08%,end
[2J[Hstart,20.93%,0.19%,end
[2J[Hstart,20.93%,0.19%,end
[2J[Hstart,96.49%,0.37%,end
[2J[Hstart,96.49%,0.37%,end
[2J[Hstart,97.65%,0.80%,end
[2J[Hstart,97.65%,0.80%,end
[2J[Hstart,72.77%,1.12%,end
[2J[Hstart,72.77%,1.12%,end
[2J[Hstart,61.11%,1.32%,end
[2J[Hstart,61.11%,1.32%,end
[2J[Hstart,72.54%,1.32%,end
[2J[Hstart,72.54%,1.32%,end
[2J[Hstart,43.92%,0.08%,end
[2J[Hstart,43.92%,0.08%,end
[2J[Hstart,29.35%,0.09%,end
[2J[Hstart,29.35%,0.09%,end
[2J[Hstart,3.08%,0.08%,end
[2J[Hstart,3.08%,0.08%,end
[2J[Hstart,0.00%,0.08%,end
[2J[Hstart,0.00%,0.08%,end
[2J[Hstart,0.00%,0.08%,end
[2J[Hstart,0.00%,0.08%,end
[2J[Hstart,43.44%,0.27%,end
[2J[Hstart,43.44%,0.27%,end
[2J[Hstart,43.44%,0.27%,end
[2J[Hstart,106.58%,0.42%,end
[2J[Hstart,106.58%,0.42%,end
[2J[Hstart,100.38%,1.05%,end
[2J[Hstart,100.38%,1.05%,end
[2J[Hstart,84.36%,1.33%,end
[2J[Hstart,84.36%,1.33%,end
[2J[Hstart,57.54%,0.08%,end
[2J[Hstart,57.54%,0.08%,end
[2J[Hstart,14.74%,0.08%,end
[2J[Hstart,14.74%,0.08%,end
[2J[Hstart,14.55%,0.08%,end
[2J[Hstart,14.55%,0.08%,end
[2J[Hstart,0.00%,0.08%,end
[2J[Hstart,0.00%,0.08%,end
[2J[Hstart,0.00%,0.08%,end
[2J[Hstart,0.00%,0.08%,end
[2J[Hstart,32.73%,0.26%,end
[2J[Hstart,32.73%,0.26%,end
[2J[Hstart,99.86%,0.52%,end
[2J[Hstart,99.86%,0.52%,end
[2J[Hstart,99.86%,0.52%,end
[2J[Hstart,99.86%,0.52%,end
[2J[Hstart,95.85%,1.36%,end
[2J[Hstart,95.85%,1.36%,end
[2J[Hstart,92.87%,1.21%,end
[2J[Hstart,92.87%,1.21%,end
[2J[Hstart,3.67%,0.08%,end
[2J[Hstart,3.67%,0.08%,end
[2J[Hstart,0.00%,0.08%,end
[2J[Hstart,0.00%,0.08%,end
[2J[Hstart,0.00%,0.08%,end
[2J[Hstart,0.00%,0.08%,end
[2J[Hstart,19.13%,0.09%,end
[2J[Hstart,19.13%,0.09%,end
[2J[Hstart,23.76%,0.20%,end
[2J[Hstart,23.76%,0.20%,end
[2J[Hstart,99.84%,0.46%,end
[2J[Hstart,99.84%,0.46%,end
[2J[Hstart,100.58%,1.12%,end
[2J[Hstart,100.58%,1.12%,end
[2J[Hstart,84.29%,1.31%,end
[2J[Hstart,84.29%,1.31%,end
[2J[Hstart,76.68%,0.09%,end
[2J[Hstart,76.68%,0.09%,end
[2J[Hstart,76.68%,0.09%,end
[2J[Hstart,3.83%,0.08%,end
[2J[Hstart,3.83%,0.08%,end
[2J[Hstart,0.00%,0.08%,end
[2J[Hstart,0.00%,0.08%,end
[2J[Hstart,0.00%,0.08%,end
[2J[Hstart,0.00%,0.08%,end
[2J[Hstart,0.00%,0.08%,end
[2J[Hstart,0.00%,0.08%,end
[2J[Hstart,62.67%,0.23%,end
[2J[Hstart,62.67%,0.23%,end
[2J[Hstart,98.36%,0.35%,end
[2J[Hstart,98.36%,0.35%,end
[2J[Hstart,101.21%,0.97%,end
[2J[Hstart,101.21%,0.97%,end
[2J[Hstart,83.81%,1.32%,end
[2J[Hstart,83.81%,1.32%,end
[2J[Hstart,69.47%,0.08%,end
[2J[Hstart,69.47%,0.08%,end
[2J[Hstart,32.28%,0.08%,end
[2J[Hstart,32.28%,0.08%,end
[2J[Hstart,0.00%,0.08%,end
[2J[Hstart,0.00%,0.08%,end
[2J[Hstart,0.00%,0.08%,end
[2J[Hstart,0.00%,0.08%,end
[2J[Hstart,0.00%,0.08%,end
[2J[Hstart,0.00%,0.08%,end
[2J[Hstart,22.43%,0.19%,end
[2J[Hstart,22.43%,0.19%,end
[2J[Hstart,112.05%,0.36%,end
[2J[Hstart,112.05%,0.36%,end
[2J[Hstart,108.01%,0.84%,end
[2J[Hstart,108.01%,0.84%,end
[2J[Hstart,85.63%,1.37%,end
[2J[Hstart,85.63%,1.37%,end
[2J[Hstart,74.28%,0.08%,end
[2J[Hstart,74.28%,0.08%,end
[2J[Hstart,74.28%,0.08%,end
[2J[Hstart,25.38%,0.08%,end
[2J[Hstart,25.38%,0.08%,end
[2J[Hstart,0.00%,0.08%,end
[2J[Hstart,0.00%,0.08%,end
[2J[Hstart,0.00%,0.08%,end
[2J[Hstart,0.00%,0.08%,end
[2J[Hstart,0.00%,0.08%,end
[2J[Hstart,0.00%,0.08%,end
[2J[Hstart,51.30%,0.29%,end
[2J[Hstart,51.30%,0.29%,end
[2J[Hstart,51.30%,0.29%,end
[2J[Hstart,51.30%,0.29%,end
[2J[Hstart,--,--,end
[2J[Hstart,101.83%,1.33%,end
[2J[Hstart,101.83%,1.33%,end
[2J[Hstart,88.53%,1.31%,end
[2J[Hstart,88.53%,1.31%,end
[2J[Hstart,21.59%,0.08%,end
[2J[Hstart,21.59%,0.08%,end
[2J[Hstart,0.00%,0.08%,end
[2J[Hstart,0.00%,0.08%,end
[2J[Hstart,26.82%,0.08%,end
[2J[Hstart,26.82%,0.08%,end
[2J[Hstart,0.00%,0.08%,end
[2J[Hstart,0.00%,0.08%,end
[2J[Hstart,1.78%,0.10%,end
[2J[Hstart,1.78%,0.10%,end
[2J[Hstart,99.05%,0.31%,end
[2J[Hstart,99.05%,0.31%,end
[2J[Hstart,121.56%,0.76%,end
[2J[Hstart,121.56%,0.76%,end
[2J[Hstart,81.11%,1.32%,end
[2J[Hstart,81.11%,1.32%,end
[2J[Hstart,83.91%,1.30%,end
[2J[Hstart,83.91%,1.30%,end
[2J[Hstart,50.33%,0.07%,end
[2J[Hstart,50.33%,0.07%,end
[2J[Hstart,0.00%,0.07%,end
[2J[Hstart,0.00%,0.07%,end
[2J[Hstart,27.13%,0.07%,end
[2J[Hstart,27.13%,0.07%,end
[2J[Hstart,0.00%,0.07%,end
[2J[Hstart,0.00%,0.07%,end
[2J[Hstart,0.00%,0.07%,end
[2J[Hstart,0.00%,0.07%,end
[2J[Hstart,21.25%,0.21%,end
[2J[Hstart,21.25%,0.21%,end
[2J[Hstart,100.44%,0.39%,end
[2J[Hstart,100.44%,0.39%,end
[2J[Hstart,100.44%,1.02%,end
[2J[Hstart,100.44%,1.02%,end
[2J[Hstart,75.32%,1.36%,end
[2J[Hstart,75.32%,1.36%,end
[2J[Hstart,76.65%,0.09%,end
[2J[Hstart,76.65%,0.09%,end
[2J[Hstart,76.65%,0.09%,end
[2J[Hstart,17.52%,0.07%,end
[2J[Hstart,17.52%,0.07%,end
[2J[Hstart,0.00%,0.07%,end
[2J[Hstart,0.00%,0.07%,end
[2J[Hstart,0.00%,0.07%,end
[2J[Hstart,0.00%,0.07%,end
[2J[Hstart,0.00%,0.07%,end
[2J[Hstart,0.00%,0.07%,end
[2J[Hstart,78.80%,0.25%,end
[2J[Hstart,78.80%,0.25%,end
[2J[Hstart,98.67%,0.77%,end
[2J[Hstart,98.67%,0.77%,end
[2J[Hstart,98.67%,0.77%,end
[2J[Hstart,98.67%,0.77%,end
[2J[Hstart,94.12%,1.31%,end
[2J[Hstart,94.12%,1.31%,end
[2J[Hstart,65.57%,0.07%,end
[2J[Hstart,65.57%,0.07%,end
[2J[Hstart,0.01%,0.07%,end
[2J[Hstart,0.01%,0.07%,end
[2J[Hstart,0.00%,0.07%,end
[2J[Hstart,0.00%,0.07%,end
[2J[Hstart,0.00%,0.07%,end
[2J[Hstart,0.00%,0.07%,end
[2J[Hstart,12.36%,0.09%,end
[2J[Hstart,12.36%,0.09%,end
[2J[Hstart,12.36%,0.09%,end
[2J[Hstart,49.07%,0.27%,end
[2J[Hstart,49.07%,0.27%,end
[2J[Hstart,97.70%,0.43%,end
[2J[Hstart,97.70%,0.43%,end
[2J[Hstart,99.81%,1.11%,end
[2J[Hstart,99.81%,1.11%,end
[2J[Hstart,84.17%,1.29%,end
[2J[Hstart,84.17%,1.29%,end
[2J[Hstart,76.75%,0.07%,end
[2J[Hstart,76.75%,0.07%,end
[2J[Hstart,0.01%,0.07%,end
[2J[Hstart,0.01%,0.07%,end
[2J[Hstart,6.19%,0.08%,end
[2J[Hstart,6.19%,0.08%,end
[2J[Hstart,23.52%,0.07%,end
[2J[Hstart,23.52%,0.07%,end
[2J[Hstart,0.00%,0.07%,end
[2J[Hstart,0.00%,0.07%,end
[2J[Hstart,11.68%,0.17%,end
[2J[Hstart,11.68%,0.17%,end
[2J[Hstart,101.17%,0.37%,end
[2J[Hstart,101.17%,0.37%,end
[2J[Hstart,115.84%,0.78%,end
[2J[Hstart,115.84%,0.78%,end
[2J[Hstart,91.14%,1.32%,end
[2J[Hstart,91.14%,1.32%,end
[2J[Hstart,84.80%,0.07%,end
[2J[Hstart,84.80%,0.07%,end
[2J[Hstart,0.00%,0.07%,end
[2J[Hstart,0.00%,0.07%,end
[2J[Hstart,0.00%,0.07%,end
[2J[Hstart,0.00%,0.07%,end
[2J[Hstart,0.00%,0.07%,end
[2J[Hstart,15.47%,0.08%,end
[2J[Hstart,15.47%,0.08%,end
[2J[Hstart,0.00%,0.08%,end
[2J[Hstart,0.00%,0.08%,end
[2J[Hstart,60.91%,0.30%,end
[2J[Hstart,60.91%,0.30%,end
[2J[Hstart,99.54%,0.61%,end
[2J[Hstart,99.54%,0.61%,end
[2J[Hstart,91.18%,1.32%,end
[2J[Hstart,91.18%,1.32%,end
[2J[Hstart,88.51%,1.33%,end
[2J[Hstart,88.51%,1.33%,end
[2J[Hstart,88.51%,1.33%,end
[2J[Hstart,46.38%,0.08%,end
[2J[Hstart,46.38%,0.08%,end
[2J[Hstart,0.00%,0.08%,end
[2J[Hstart,0.00%,0.08%,end
[2J[Hstart,0.00%,0.08%,end
[2J[Hstart,0.00%,0.08%,end
[2J[Hstart,0.00%,0.08%,end
[2J[Hstart,0.00%,0.08%,end
[2J[Hstart,0.00%,0.08%,end
[2J[Hstart,0.00%,0.08%,end
[2J[Hstart,80.35%,0.29%,end
[2J[Hstart,80.35%,0.29%,end
[2J[Hstart,80.35%,0.29%,end
[2J[Hstart,80.35%,0.29%,end
[2J[Hstart,103.27%,0.97%,end
[2J[Hstart,103.27%,0.97%,end
[2J[Hstart,89.40%,1.32%,end
[2J[Hstart,89.40%,1.32%,end
[2J[Hstart,78.61%,0.08%,end
[2J[Hstart,78.61%,0.08%,end
[2J[Hstart,0.00%,0.08%,end
[2J[Hstart,0.00%,0.08%,end
[2J[Hstart,22.98%,0.08%,end
[2J[Hstart,22.98%,0.08%,end
[2J[Hstart,0.00%,0.08%,end
[2J[Hstart,0.00%,0.08%,end
[2J[Hstart,0.00%,0.08%,end
[2J[Hstart,0.00%,0.08%,end
[2J[Hstart,26.05%,0.24%,end
[2J[Hstart,26.05%,0.24%,end
[2J[Hstart,106.84%,0.28%,end
[2J[Hstart,106.84%,0.28%,end
[2J[Hstart,100.57%,0.79%,end
[2J[Hstart,100.57%,0.79%,end
[2J[Hstart,86.36%,1.31%,end
[2J[Hstart,86.36%,1.31%,end
[2J[Hstart,87.03%,1.31%,end
[2J[Hstart,87.03%,1.31%,end
[2J[Hstart,23.55%,0.08%,end
[2J[Hstart,23.55%,0.08%,end
[2J[Hstart,0.00%,0.08%,end
[2J[Hstart,0.00%,0.08%,end
[2J[Hstart,18.40%,0.09%,end
[2J[Hstart,18.40%,0.09%,end
[2J[Hstart,9.14%,0.08%,end
[2J[Hstart,9.14%,0.08%,end
[2J[Hstart,0.00%,0.08%,end
[2J[Hstart,0.00%,0.08%,end
[2J[Hstart,73.16%,0.30%,end
[2J[Hstart,73.16%,0.30%,end
[2J[Hstart,100.21%,0.72%,end
[2J[Hstart,100.21%,0.72%,end
[2J[Hstart,93.91%,1.15%,end
[2J[Hstart,93.91%,1.15%,end
[2J[Hstart,84.69%,1.31%,end
[2J[Hstart,84.69%,1.31%,end
[2J[Hstart,70.61%,0.08%,end
[2J[Hstart,70.61%,0.08%,end
[2J[Hstart,0.01%,0.08%,end
[2J[Hstart,0.01%,0.08%,end
[2J[Hstart,0.01%,0.08%,end
[2J[Hstart,17.91%,0.08%,end
[2J[Hstart,17.91%,0.08%,end
[2J[Hstart,0.00%,0.08%,end
[2J[Hstart,0.00%,0.08%,end
[2J[Hstart,0.00%,0.08%,end
[2J[Hstart,0.00%,0.08%,end
[2J[Hstart,82.07%,0.30%,end
[2J[Hstart,82.07%,0.30%,end
[2J[Hstart,82.07%,0.30%,end
[2J[Hstart,82.07%,0.30%,end
[2J[Hstart,99.98%,1.27%,end
[2J[Hstart,99.98%,1.27%,end
[2J[Hstart,89.70%,1.34%,end
[2J[Hstart,89.70%,1.34%,end
[2J[Hstart,46.05%,0.08%,end
[2J[Hstart,46.05%,0.08%,end
[2J[Hstart,0.00%,0.08%,end
[2J[Hstart,0.00%,0.08%,end
[2J[Hstart,0.00%,0.08%,end
[2J[Hstart,0.00%,0.08%,end
[2J[Hstart,11.33%,0.09%,end
[2J[Hstart,11.33%,0.09%,end
[2J[Hstart,17.76%,0.08%,end
[2J[Hstart,17.76%,0.08%,end
[2J[Hstart,69.65%,0.30%,end
[2J[Hstart,69.65%,0.30%,end
[2J[Hstart,100.25%,0.70%,end
[2J[Hstart,100.25%,0.70%,end
[2J[Hstart,90.29%,1.33%,end
[2J[Hstart,90.29%,1.33%,end
[2J[Hstart,87.91%,1.32%,end
[2J[Hstart,87.91%,1.32%,end
[2J[Hstart,28.69%,0.08%,end
[2J[Hstart,28.69%,0.08%,end
[2J[Hstart,30.91%,0.09%,end
[2J[Hstart,30.91%,0.09%,end
[2J[Hstart,0.47%,0.08%,end
[2J[Hstart,0.47%,0.08%,end
[2J[Hstart,0.00%,0.08%,end
[2J[Hstart,0.00%,0.08%,end
[2J[Hstart,0.00%,0.08%,end
[2J[Hstart,0.00%,0.08%,end
[2J[Hstart,68.61%,0.30%,end
[2J[Hstart,68.61%,0.30%,end
[2J[Hstart,100.56%,0.62%,end
[2J[Hstart,100.56%,0.62%,end
[2J[Hstart,106.93%,1.28%,end
[2J[Hstart,106.93%,1.28%,end
[2J[Hstart,86.76%,1.33%,end
[2J[Hstart,86.76%,1.33%,end
[2J[Hstart,46.89%,0.08%,end
[2J[Hstart,46.89%,0.08%,end
[2J[Hstart,0.01%,0.08%,end
[2J[Hstart,0.01%,0.08%,end
[2J[Hstart,0.00%,0.08%,end
[2J[Hstart,0.00%,0.08%,end
[2J[Hstart,27.86%,0.08%,end
[2J[Hstart,27.86%,0.08%,end
[2J[Hstart,27.86%,0.08%,end
[2J[Hstart,0.00%,0.08%,end
[2J[Hstart,0.00%,0.08%,end
[2J[Hstart,69.85%,0.30%,end
[2J[Hstart,69.85%,0.30%,end
[2J[Hstart,99.76%,0.73%,end
[2J[Hstart,99.76%,0.73%,end
[2J[Hstart,92.36%,1.32%,end
[2J[Hstart,92.36%,1.32%,end
[2J[Hstart,88.01%,1.31%,end
[2J[Hstart,88.01%,1.31%,end
[2J[Hstart,39.96%,0.07%,end
[2J[Hstart,39.96%,0.07%,end
[2J[Hstart,0.01%,0.07%,end
[2J[Hstart,0.01%,0.07%,end
[2J[Hstart,0.00%,0.07%,end
[2J[Hstart,0.00%,0.07%,end
[2J[Hstart,0.00%,0.07%,end
[2J[Hstart,0.00%,0.07%,end
[2J[Hstart,0.00%,0.07%,end
[2J[Hstart,19.40%,0.07%,end
[2J[Hstart,19.40%,0.07%,end
[2J[Hstart,98.05%,0.34%,end
[2J[Hstart,98.05%,0.34%,end
[2J[Hstart,99.76%,0.96%,end
[2J[Hstart,99.76%,0.96%,end
[2J[Hstart,84.72%,1.31%,end
[2J[Hstart,84.72%,1.31%,end
[2J[Hstart,91.63%,0.07%,end
[2J[Hstart,91.63%,0.07%,end
[2J[Hstart,0.01%,0.07%,end
[2J[Hstart,0.01%,0.07%,end
[2J[Hstart,0.00%,0.07%,end
[2J[Hstart,0.00%,0.07%,end
[2J[Hstart,0.00%,0.07%,end
[2J[Hstart,0.00%,0.07%,end
[2J[Hstart,24.36%,0.07%,end
[2J[Hstart,24.36%,0.07%,end
[2J[Hstart,28.31%,0.24%,end
[2J[Hstart,28.31%,0.24%,end
[2J[Hstart,97.44%,0.51%,end
[2J[Hstart,97.44%,0.51%,end
[2J[Hstart,111.33%,0.96%,end
[2J[Hstart,111.33%,0.96%,end
[2J[Hstart,88.39%,1.33%,end
[2J[Hstart,88.39%,1.33%,end
[2J[Hstart,56.89%,0.07%,end
[2J[Hstart,56.89%,0.07%,end
[2J[Hstart,0.00%,0.07%,end
[2J[Hstart,0.00%,0.07%,end
[2J[Hstart,5.54%,0.09%,end
[2J[Hstart,5.54%,0.09%,end
[2J[Hstart,18.78%,0.07%,end
[2J[Hstart,18.78%,0.07%,end
[2J[Hstart,0.00%,0.07%,end
[2J[Hstart,0.00%,0.07%,end
[2J[Hstart,32.92%,0.26%,end
[2J[Hstart,32.92%,0.26%,end
[2J[Hstart,94.56%,0.43%,end
[2J[Hstart,94.56%,0.43%,end
[2J[Hstart,115.77%,1.01%,end
[2J[Hstart,115.77%,1.01%,end
[2J[Hstart,85.18%,1.31%,end
[2J[Hstart,85.18%,1.31%,end
[2J[Hstart,48.13%,0.07%,end
[2J[Hstart,48.13%,0.07%,end
[2J[Hstart,0.09%,0.07%,end
[2J[Hstart,0.09%,0.07%,end
[2J[Hstart,0.00%,0.07%,end
[2J[Hstart,0.00%,0.07%,end
[2J[Hstart,22.62%,0.07%,end
[2J[Hstart,22.62%,0.07%,end
[2J[Hstart,0.00%,0.07%,end
[2J[Hstart,0.00%,0.07%,end
[2J[Hstart,41.97%,0.27%,end
[2J[Hstart,41.97%,0.27%,end
[2J[Hstart,100.83%,0.58%,end
[2J[Hstart,100.83%,0.58%,end
[2J[Hstart,100.83%,0.58%,end
[2J[Hstart,118.35%,1.18%,end
[2J[Hstart,118.35%,1.18%,end
[2J[Hstart,88.01%,1.34%,end
[2J[Hstart,88.01%,1.34%,end
[2J[Hstart,36.04%,0.07%,end
[2J[Hstart,36.04%,0.07%,end
[2J[Hstart,0.01%,0.07%,end
[2J[Hstart,0.01%,0.07%,end
[2J[Hstart,18.46%,0.07%,end
[2J[Hstart,18.46%,0.07%,end
[2J[Hstart,0.00%,0.07%,end
[2J[Hstart,0.00%,0.07%,end
[2J[Hstart,0.00%,0.07%,end
[2J[Hstart,0.00%,0.07%,end
[2J[Hstart,78.57%,0.27%,end
[2J[Hstart,78.57%,0.27%,end
[2J[Hstart,78.57%,0.27%,end
[2J[Hstart,113.53%,1.15%,end
[2J[Hstart,113.53%,1.15%,end
[2J[Hstart,84.53%,1.31%,end
[2J[Hstart,84.53%,1.31%,end
[2J[Hstart,56.05%,0.07%,end
[2J[Hstart,56.05%,0.07%,end
[2J[Hstart,0.01%,0.07%,end
[2J[Hstart,0.01%,0.07%,end
[2J[Hstart,35.58%,0.07%,end
[2J[Hstart,35.58%,0.07%,end
[2J[Hstart,0.00%,0.07%,end
[2J[Hstart,0.00%,0.07%,end
[2J[Hstart,0.00%,0.07%,end
[2J[Hstart,0.00%,0.07%,end
[2J[Hstart,36.47%,0.24%,end
[2J[Hstart,36.47%,0.24%,end
[2J[Hstart,111.63%,0.38%,end
[2J[Hstart,111.63%,0.38%,end
[2J[Hstart,98.80%,0.88%,end
[2J[Hstart,98.80%,0.88%,end
[2J[Hstart,84.68%,1.32%,end
[2J[Hstart,84.68%,1.32%,end
[2J[Hstart,64.87%,0.07%,end
[2J[Hstart,64.87%,0.07%,end
[2J[Hstart,24.71%,0.07%,end
[2J[Hstart,24.71%,0.07%,end
[2J[Hstart,0.00%,0.07%,end
[2J[Hstart,0.00%,0.07%,end
[2J[Hstart,0.00%,0.07%,end
[2J[Hstart,0.00%,0.07%,end
[2J[Hstart,0.00%,0.07%,end
[2J[Hstart,0.00%,0.07%,end
[2J[Hstart,27.48%,0.26%,end
[2J[Hstart,27.48%,0.26%,end
[2J[Hstart,101.41%,0.58%,end
[2J[Hstart,101.41%,0.58%,end
[2J[Hstart,101.41%,0.58%,end
[2J[Hstart,104.31%,1.33%,end
[2J[Hstart,104.31%,1.33%,end
[2J[Hstart,82.07%,1.32%,end
[2J[Hstart,82.07%,1.32%,end
[2J[Hstart,57.07%,0.08%,end
[2J[Hstart,57.07%,0.08%,end
[2J[Hstart,0.01%,0.08%,end
[2J[Hstart,0.01%,0.08%,end
[2J[Hstart,0.01%,0.08%,end
[2J[Hstart,18.59%,0.08%,end
[2J[Hstart,18.59%,0.08%,end
[2J[Hstart,0.00%,0.08%,end
[2J[Hstart,0.00%,0.08%,end
[2J[Hstart,0.00%,0.08%,end
[2J[Hstart,0.00%,0.08%,end
[2J[Hstart,68.69%,0.30%,end
[2J[Hstart,68.69%,0.30%,end
[2J[Hstart,108.53%,0.72%,end
[2J[Hstart,108.53%,0.72%,end
[2J[Hstart,107.27%,1.34%,end
[2J[Hstart,107.27%,1.34%,end
[2J[Hstart,85.17%,1.29%,end
[2J[Hstart,85.17%,1.29%,end
[2J[Hstart,44.77%,0.08%,end
[2J[Hstart,44.77%,0.08%,end
[2J[Hstart,0.01%,0.08%,end
[2J[Hstart,0.01%,0.08%,end
[2J[Hstart,0.00%,0.08%,end
[2J[Hstart,0.00%,0.08%,end
[2J[Hstart,0.00%,0.08%,end
[2J[Hstart,0.00%,0.08%,end
[2J[Hstart,0.00%,0.08%,end
[2J[Hstart,0.00%,0.08%,end
[2J[Hstart,37.67%,0.29%,end
[2J[Hstart,37.67%,0.29%,end
[2J[Hstart,99.45%,0.55%,end
[2J[Hstart,99.45%,0.55%,end
[2J[Hstart,89.36%,1.32%,end
[2J[Hstart,89.36%,1.32%,end
[2J[Hstart,89.46%,1.33%,end
[2J[Hstart,89.46%,1.33%,end
[2J[Hstart,36.42%,0.07%,end
[2J[Hstart,36.42%,0.07%,end
[2J[Hstart,0.01%,0.07%,end
[2J[Hstart,0.01%,0.07%,end
[2J[Hstart,24.71%,0.09%,end
[2J[Hstart,24.71%,0.09%,end
[2J[Hstart,2.58%,0.07%,end
[2J[Hstart,2.58%,0.07%,end
[2J[Hstart,0.00%,0.07%,end
[2J[Hstart,0.00%,0.07%,end
[2J[Hstart,60.33%,0.30%,end
[2J[Hstart,60.33%,0.30%,end
[2J[Hstart,98.94%,0.68%,end
[2J[Hstart,98.94%,0.68%,end
[2J[Hstart,90.50%,1.27%,end
[2J[Hstart,90.50%,1.27%,end
[2J[Hstart,86.40%,1.32%,end
[2J[Hstart,86.40%,1.32%,end
[2J[Hstart,78.98%,0.07%,end
[2J[Hstart,78.98%,0.07%,end
[2J[Hstart,0.01%,0.07%,end
[2J[Hstart,0.01%,0.07%,end
[2J[Hstart,0.00%,0.07%,end
[2J[Hstart,0.00%,0.07%,end
[2J[Hstart,0.00%,0.07%,end
[2J[Hstart,0.00%,0.07%,end
[2J[Hstart,17.88%,0.08%,end
[2J[Hstart,17.88%,0.08%,end
[2J[Hstart,18.34%,0.12%,end
[2J[Hstart,18.34%,0.12%,end
[2J[Hstart,101.05%,0.44%,end
[2J[Hstart,101.05%,0.44%,end
[2J[Hstart,95.29%,1.17%,end
[2J[Hstart,95.29%,1.17%,end
[2J[Hstart,89.94%,1.30%,end
[2J[Hstart,89.94%,1.30%,end
[2J[Hstart,82.36%,0.07%,end
[2J[Hstart,82.36%,0.07%,end
[2J[Hstart,0.01%,0.07%,end
[2J[Hstart,0.01%,0.07%,end
[2J[Hstart,0.00%,0.07%,end
[2J[Hstart,0.00%,0.07%,end
[2J[Hstart,0.00%,0.07%,end
[2J[Hstart,0.00%,0.07%,end
[2J[Hstart,0.00%,0.07%,end
[2J[Hstart,0.00%,0.07%,end
[2J[Hstart,35.74%,0.14%,end
[2J[Hstart,35.74%,0.14%,end
[2J[Hstart,99.54%,0.40%,end
[2J[Hstart,99.54%,0.40%,end
[2J[Hstart,100.39%,1.07%,end
[2J[Hstart,100.39%,1.07%,end
[2J[Hstart,80.96%,1.31%,end
[2J[Hstart,80.96%,1.31%,end
[2J[Hstart,80.96%,1.31%,end
[2J[Hstart,71.54%,0.07%,end
[2J[Hstart,71.54%,0.07%,end
[2J[Hstart,0.00%,0.07%,end
[2J[Hstart,0.00%,0.07%,end
[2J[Hstart,0.00%,0.07%,end
[2J[Hstart,0.00%,0.07%,end
[2J[Hstart,0.00%,0.07%,end
[2J[Hstart,0.00%,0.07%,end
[2J[Hstart,23.74%,0.07%,end
[2J[Hstart,23.74%,0.07%,end
[2J[Hstart,53.97%,0.29%,end
[2J[Hstart,53.97%,0.29%,end
[2J[Hstart,101.65%,0.65%,end
[2J[Hstart,101.65%,0.65%,end
[2J[Hstart,89.25%,1.35%,end
[2J[Hstart,89.25%,1.35%,end
[2J[Hstart,89.25%,1.35%,end
[2J[Hstart,92.49%,1.33%,end
[2J[Hstart,92.49%,1.33%,end
[2J[Hstart,32.28%,0.07%,end
[2J[Hstart,32.28%,0.07%,end
[2J[Hstart,0.01%,0.07%,end
[2J[Hstart,0.01%,0.07%,end
[2J[Hstart,0.00%,0.07%,end
[2J[Hstart,0.00%,0.07%,end
[2J[Hstart,0.00%,0.07%,end
[2J[Hstart,22.92%,0.07%,end
[2J[Hstart,22.92%,0.07%,end
[2J[Hstart,1.73%,0.10%,end
[2J[Hstart,1.73%,0.10%,end
[2J[Hstart,100.10%,0.27%,end
[2J[Hstart,100.10%,0.27%,end
[2J[Hstart,100.01%,0.80%,end
[2J[Hstart,100.01%,0.80%,end
[2J[Hstart,91.69%,1.32%,end
[2J[Hstart,91.69%,1.32%,end
[2J[Hstart,91.88%,1.30%,end
[2J[Hstart,91.88%,1.30%,end
[2J[Hstart,51.93%,0.07%,end
[2J[Hstart,51.93%,0.07%,end
[2J[Hstart,0.00%,0.07%,end
[2J[Hstart,0.00%,0.07%,end
[2J[Hstart,0.00%,0.07%,end
[2J[Hstart,0.00%,0.07%,end
[2J[Hstart,0.00%,0.07%,end
[2J[Hstart,0.00%,0.07%,end
[2J[Hstart,0.77%,0.08%,end
[2J[Hstart,0.77%,0.08%,end
[2J[Hstart,0.77%,0.08%,end
[2J[Hstart,77.18%,0.30%,end
[2J[Hstart,77.18%,0.30%,end
[2J[Hstart,99.50%,0.72%,end
[2J[Hstart,99.50%,0.72%,end
[2J[Hstart,91.10%,1.32%,end
[2J[Hstart,91.10%,1.32%,end
[2J[Hstart,81.05%,0.07%,end
[2J[Hstart,81.05%,0.07%,end
[2J[Hstart,24.59%,0.07%,end
[2J[Hstart,24.59%,0.07%,end
[2J[Hstart,0.01%,0.07%,end
[2J[Hstart,0.01%,0.07%,end
[2J[Hstart,0.00%,0.07%,end
[2J[Hstart,0.00%,0.07%,end
[2J[Hstart,0.00%,0.07%,end
[2J[Hstart,0.00%,0.07%,end
[2J[Hstart,5.71%,0.12%,end
[2J[Hstart,5.71%,0.12%,end
[2J[Hstart,5.71%,0.12%,end
[2J[Hstart,102.45%,0.60%,end
[2J[Hstart,102.45%,0.60%,end
[2J[Hstart,90.18%,1.33%,end
[2J[Hstart,90.18%,1.33%,end
[2J[Hstart,86.40%,1.32%,end
[2J[Hstart,86.40%,1.32%,end
[2J[Hstart,26.55%,0.07%,end
[2J[Hstart,26.55%,0.07%,end
[2J[Hstart,11.21%,0.09%,end
[2J[Hstart,11.21%,0.09%,end
[2J[Hstart,11.21%,0.09%,end
[2J[Hstart,19.30%,0.07%,end
[2J[Hstart,19.30%,0.07%,end
[2J[Hstart,0.00%,0.07%,end
[2J[Hstart,0.00%,0.07%,end
[2J[Hstart,0.00%,0.07%,end
[2J[Hstart,0.00%,0.07%,end
[2J[Hstart,76.17%,0.30%,end
[2J[Hstart,76.17%,0.30%,end
[2J[Hstart,98.40%,0.66%,end
[2J[Hstart,98.40%,0.66%,end
[2J[Hstart,98.40%,0.66%,end
[2J[Hstart,98.40%,0.66%,end
[2J[Hstart,89.18%,1.34%,end
[2J[Hstart,89.18%,1.34%,end
[2J[Hstart,88.06%,1.23%,end
[2J[Hstart,88.06%,1.23%,end
[2J[Hstart,7.03%,0.07%,end
[2J[Hstart,7.03%,0.07%,end
[2J[Hstart,0.00%,0.07%,end
[2J[Hstart,0.00%,0.07%,end
[2J[Hstart,0.00%,0.07%,end
[2J[Hstart,0.00%,0.07%,end
[2J[Hstart,0.00%,0.07%,end
[2J[Hstart,19.25%,0.07%,end
[2J[Hstart,19.25%,0.07%,end
[2J[Hstart,40.46%,0.28%,end
[2J[Hstart,40.46%,0.28%,end
[2J[Hstart,100.06%,0.62%,end
[2J[Hstart,100.06%,0.62%,end
[2J[Hstart,87.33%,1.32%,end
[2J[Hstart,87.33%,1.32%,end
[2J[Hstart,93.55%,1.31%,end
[2J[Hstart,93.55%,1.31%,end
[2J[Hstart,47.86%,0.07%,end
[2J[Hstart,47.86%,0.07%,end
[2J[Hstart,0.01%,0.07%,end
[2J[Hstart,0.01%,0.07%,end
[2J[Hstart,0.00%,0.07%,end
[2J[Hstart,0.00%,0.07%,end
[2J[Hstart,0.00%,0.07%,end
[2J[Hstart,0.00%,0.07%,end
[2J[Hstart,20.04%,0.09%,end
[2J[Hstart,20.04%,0.09%,end
[2J[Hstart,53.17%,0.28%,end
[2J[Hstart,53.17%,0.28%,end
[2J[Hstart,99.35%,0.57%,end
[2J[Hstart,99.35%,0.57%,end
[2J[Hstart,91.11%,1.20%,end
[2J[Hstart,91.11%,1.20%,end
[2J[Hstart,88.80%,1.31%,end
[2J[Hstart,88.80%,1.31%,end
[2J[Hstart,88.80%,1.31%,end
