[2J[Hstart,0.00%,0.18%,end
[2J[Hstart,0.00%,0.18%,end
[2J[Hstart,0.00%,0.18%,end
[2J[Hstart,0.00%,0.18%,end
[2J[Hstart,22.23%,0.18%,end
[2J[Hstart,22.23%,0.18%,end
[2J[Hstart,0.00%,0.18%,end
[2J[Hstart,0.00%,0.18%,end
[2J[Hstart,0.00%,0.18%,end
[2J[Hstart,0.00%,0.18%,end
[2J[Hstart,0.00%,0.18%,end
[2J[Hstart,0.00%,0.18%,end
[2J[Hstart,26.03%,0.18%,end
[2J[Hstart,26.03%,0.18%,end
[2J[Hstart,0.00%,0.18%,end
[2J[Hstart,0.00%,0.18%,end
[2J[Hstart,2.63%,0.21%,end
[2J[Hstart,2.63%,0.21%,end
[2J[Hstart,2.63%,0.21%,end
[2J[Hstart,29.00%,0.22%,end
[2J[Hstart,29.00%,0.22%,end
[2J[Hstart,19.70%,0.23%,end
[2J[Hstart,19.70%,0.23%,end
[2J[Hstart,10.45%,0.28%,end
[2J[Hstart,10.45%,0.28%,end
[2J[Hstart,7.19%,0.32%,end
[2J[Hstart,7.19%,0.32%,end
[2J[Hstart,29.98%,0.34%,end
[2J[Hstart,29.98%,0.34%,end
[2J[Hstart,10.11%,0.38%,end
[2J[Hstart,10.11%,0.38%,end
[2J[Hstart,9.52%,0.43%,end
[2J[Hstart,9.52%,0.43%,end
[2J[Hstart,30.95%,0.49%,end
[2J[Hstart,30.95%,0.49%,end
[2J[Hstart,22.71%,0.48%,end
[2J[Hstart,22.71%,0.48%,end
[2J[Hstart,2.06%,0.49%,end
[2J[Hstart,2.06%,0.49%,end
[2J[Hstart,3.87%,0.53%,end
[2J[Hstart,3.87%,0.53%,end
[2J[Hstart,7.56%,0.54%,end
[2J[Hstart,7.56%,0.54%,end
[2J[Hstart,36.86%,0.53%,end
[2J[Hstart,36.86%,0.53%,end
[2J[Hstart,1.26%,0.53%,end
[2J[Hstart,1.26%,0.53%,end
[2J[Hstart,2.65%,0.57%,end
[2J[Hstart,2.65%,0.57%,end
[2J[Hstart,10.87%,0.66%,end
[2J[Hstart,10.87%,0.66%,end
[2J[Hstart,23.41%,0.65%,end
[2J[Hstart,23.41%,0.65%,end
[2J[Hstart,10.33%,0.69%,end
[2J[Hstart,10.33%,0.69%,end
[2J[Hstart,12.06%,0.72%,end
[2J[Hstart,12.06%,0.72%,end
[2J[Hstart,1.28%,0.72%,end
[2J[Hstart,1.28%,0.72%,end
[2J[Hstart,26.29%,0.72%,end
[2J[Hstart,26.29%,0.72%,end
[2J[Hstart,26.29%,0.72%,end
[2J[Hstart,18.33%,0.79%,end
[2J[Hstart,18.33%,0.79%,end
[2J[Hstart,11.90%,0.83%,end
[2J[Hstart,11.90%,0.83%,end
[2J[Hstart,15.96%,0.88%,end
[2J[Hstart,15.96%,0.88%,end
[2J[Hstart,34.27%,0.92%,end
[2J[Hstart,34.27%,0.92%,end
[2J[Hstart,10.96%,0.96%,end
[2J[Hstart,10.96%,0.96%,end
[2J[Hstart,14.12%,1.00%,end
[2J[Hstart,14.12%,1.00%,end
[2J[Hstart,24.33%,1.04%,end
[2J[Hstart,24.33%,1.04%,end
[2J[Hstart,16.38%,1.05%,end
[2J[Hstart,16.38%,1.05%,end
[2J[Hstart,16.66%,1.10%,end
[2J[Hstart,16.66%,1.10%,end
[2J[Hstart,25.73%,1.20%,end
[2J[Hstart,25.73%,1.20%,end
[2J[Hstart,31.12%,1.25%,end
[2J[Hstart,31.12%,1.25%,end
[2J[Hstart,21.39%,1.31%,end
[2J[Hstart,21.39%,1.31%,end
[2J[Hstart,11.91%,1.33%,end
[2J[Hstart,11.91%,1.33%,end
[2J[Hstart,29.48%,1.42%,end
[2J[Hstart,29.48%,1.42%,end
[2J[Hstart,29.48%,1.42%,end
[2J[Hstart,35.29%,1.45%,end
[2J[Hstart,35.29%,1.45%,end
[2J[Hstart,27.53%,1.58%,end
[2J[Hstart,27.53%,1.58%,end
[2J[Hstart,40.61%,1.68%,end
[2J[Hstart,40.61%,1.68%,end
[2J[Hstart,42.69%,1.83%,end
[2J[Hstart,42.69%,1.83%,end
[2J[Hstart,67.27%,1.95%,end
[2J[Hstart,67.27%,1.95%,end
[2J[Hstart,45.77%,2.11%,end
[2J[Hstart,45.77%,2.11%,end
[2J[Hstart,49.83%,2.42%,end
[2J[Hstart,49.83%,2.42%,end
[2J[Hstart,89.11%,3.29%,end
[2J[Hstart,89.11%,3.29%,end
[2J[Hstart,108.34%,2.57%,end
[2J[Hstart,108.34%,2.57%,end
[2J[Hstart,100.03%,2.57%,end
[2J[Hstart,100.03%,2.57%,end
[2J[Hstart,100.75%,2.57%,end
[2J[Hstart,100.75%,2.57%,end
[2J[Hstart,92.96%,2.58%,end
[2J[Hstart,92.96%,2.58%,end
[2J[Hstart,116.52%,2.57%,end
[2J[Hstart,116.52%,2.57%,end
[2J[Hstart,101.92%,2.57%,end
[2J[Hstart,101.92%,2.57%,end
[2J[Hstart,100.61%,2.57%,end
[2J[Hstart,100.61%,2.57%,end
[2J[Hstart,100.93%,2.57%,end
[2J[Hstart,100.93%,2.57%,end
[2J[Hstart,102.83%,2.57%,end
[2J[Hstart,102.83%,2.57%,end
[2J[Hstart,100.55%,2.57%,end
[2J[Hstart,100.55%,2.57%,end
[2J[Hstart,101.36%,2.57%,end
[2J[Hstart,101.36%,2.57%,end
[2J[Hstart,99.09%,2.59%,end
[2J[Hstart,99.09%,2.59%,end
[2J[Hstart,112.65%,2.58%,end
[2J[Hstart,112.65%,2.58%,end
[2J[Hstart,101.95%,2.58%,end
[2J[Hstart,101.95%,2.58%,end
[2J[Hstart,100.95%,2.58%,end
[2J[Hstart,100.95%,2.58%,end
[2J[Hstart,102.32%,2.58%,end
[2J[Hstart,102.32%,2.58%,end
[2J[Hstart,104.94%,2.58%,end
[2J[Hstart,104.94%,2.58%,end
[2J[Hstart,100.52%,2.58%,end
[2J[Hstart,100.52%,2.58%,end
[2J[Hstart,100.94%,2.58%,end
[2J[Hstart,100.94%,2.58%,end
[2J[Hstart,105.44%,2.59%,end
[2J[Hstart,105.44%,2.59%,end
[2J[Hstart,101.15%,2.58%,end
[2J[Hstart,101.15%,2.58%,end
[2J[Hstart,100.45%,2.58%,end
[2J[Hstart,100.45%,2.58%,end
[2J[Hstart,100.18%,2.58%,end
[2J[Hstart,100.18%,2.58%,end
[2J[Hstart,116.04%,2.58%,end
[2J[Hstart,116.04%,2.58%,end
[2J[Hstart,100.89%,2.58%,end
[2J[Hstart,100.89%,2.58%,end
[2J[Hstart,101.01%,3.45%,end
[2J[Hstart,101.01%,3.45%,end
[2J[Hstart,99.66%,3.45%,end
[2J[Hstart,99.66%,3.45%,end
[2J[Hstart,119.69%,3.45%,end
[2J[Hstart,119.69%,3.45%,end
[2J[Hstart,100.64%,3.45%,end
[2J[Hstart,100.64%,3.45%,end
[2J[Hstart,95.77%,3.45%,end
[2J[Hstart,95.77%,3.45%,end
[2J[Hstart,26.03%,3.47%,end
[2J[Hstart,26.03%,3.47%,end
[2J[Hstart,30.40%,3.46%,end
[2J[Hstart,30.40%,3.46%,end
[2J[Hstart,73.43%,4.27%,end
[2J[Hstart,73.43%,4.27%,end
[2J[Hstart,94.45%,4.28%,end
[2J[Hstart,94.45%,4.28%,end
[2J[Hstart,83.80%,4.33%,end
[2J[Hstart,83.80%,4.33%,end
[2J[Hstart,21.41%,4.60%,end
[2J[Hstart,21.41%,4.60%,end
[2J[Hstart,141.67%,4.87%,end
[2J[Hstart,141.67%,4.87%,end
[2J[Hstart,115.99%,4.88%,end
[2J[Hstart,115.99%,4.88%,end
[2J[Hstart,155.66%,4.88%,end
[2J[Hstart,155.66%,4.88%,end
[2J[Hstart,149.77%,4.88%,end
[2J[Hstart,149.77%,4.88%,end
[2J[Hstart,156.90%,4.92%,end
[2J[Hstart,156.90%,4.92%,end
[2J[Hstart,121.49%,4.93%,end
[2J[Hstart,121.49%,4.93%,end
[2J[Hstart,155.57%,4.92%,end
[2J[Hstart,155.57%,4.92%,end
[2J[Hstart,140.00%,4.94%,end
[2J[Hstart,140.00%,4.94%,end
[2J[Hstart,125.11%,4.96%,end
[2J[Hstart,125.11%,4.96%,end
[2J[Hstart,125.52%,4.97%,end
[2J[Hstart,125.52%,4.97%,end
[2J[Hstart,175.61%,4.96%,end
[2J[Hstart,175.61%,4.96%,end
[2J[Hstart,173.80%,4.96%,end
[2J[Hstart,173.80%,4.96%,end
[2J[Hstart,131.27%,4.96%,end
[2J[Hstart,131.27%,4.96%,end
[2J[Hstart,122.11%,4.98%,end
[2J[Hstart,122.11%,4.98%,end
[2J[Hstart,177.16%,4.98%,end
[2J[Hstart,177.16%,4.98%,end
[2J[Hstart,149.86%,4.98%,end
[2J[Hstart,149.86%,4.98%,end
[2J[Hstart,138.50%,4.99%,end
[2J[Hstart,138.50%,4.99%,end
[2J[Hstart,165.77%,4.99%,end
[2J[Hstart,165.77%,4.99%,end
[2J[Hstart,180.94%,4.99%,end
[2J[Hstart,180.94%,4.99%,end
[2J[Hstart,142.93%,4.99%,end
[2J[Hstart,142.93%,4.99%,end
[2J[Hstart,113.23%,5.00%,end
[2J[Hstart,113.23%,5.00%,end
[2J[Hstart,185.87%,4.99%,end
[2J[Hstart,185.87%,4.99%,end
[2J[Hstart,173.28%,4.99%,end
[2J[Hstart,173.28%,4.99%,end
[2J[Hstart,150.35%,4.99%,end
[2J[Hstart,150.35%,4.99%,end
[2J[Hstart,116.64%,4.99%,end
[2J[Hstart,116.64%,4.99%,end
[2J[Hstart,177.07%,4.99%,end
[2J[Hstart,177.07%,4.99%,end
[2J[Hstart,142.08%,4.99%,end
[2J[Hstart,142.08%,4.99%,end
[2J[Hstart,131.44%,4.99%,end
[2J[Hstart,131.44%,4.99%,end
[2J[Hstart,131.44%,4.99%,end
[2J[Hstart,154.93%,4.99%,end
[2J[Hstart,154.93%,4.99%,end
[2J[Hstart,184.67%,4.99%,end
[2J[Hstart,184.67%,4.99%,end
[2J[Hstart,141.96%,4.99%,end
[2J[Hstart,141.96%,4.99%,end
[2J[Hstart,159.20%,4.99%,end
[2J[Hstart,159.20%,4.99%,end
[2J[Hstart,178.77%,4.99%,end
[2J[Hstart,178.77%,4.99%,end
[2J[Hstart,123.80%,4.99%,end
[2J[Hstart,123.80%,4.99%,end
[2J[Hstart,121.19%,4.99%,end
[2J[Hstart,121.19%,4.99%,end
[2J[Hstart,118.55%,4.99%,end
[2J[Hstart,118.55%,4.99%,end
[2J[Hstart,172.56%,4.99%,end
[2J[Hstart,172.56%,4.99%,end
[2J[Hstart,152.25%,4.99%,end
[2J[Hstart,152.25%,4.99%,end
[2J[Hstart,162.11%,4.99%,end
[2J[Hstart,162.11%,4.99%,end
[2J[Hstart,154.22%,4.99%,end
[2J[Hstart,154.22%,4.99%,end
[2J[Hstart,149.81%,4.99%,end
[2J[Hstart,149.81%,4.99%,end
[2J[Hstart,116.24%,5.00%,end
[2J[Hstart,116.24%,5.00%,end
[2J[Hstart,169.92%,5.00%,end
[2J[Hstart,169.92%,5.00%,end
[2J[Hstart,112.28%,5.05%,end
[2J[Hstart,112.28%,5.05%,end
[2J[Hstart,197.00%,5.04%,end
[2J[Hstart,197.00%,5.04%,end
[2J[Hstart,147.84%,5.04%,end
[2J[Hstart,147.84%,5.04%,end
[2J[Hstart,169.09%,5.04%,end
[2J[Hstart,169.09%,5.04%,end
[2J[Hstart,132.30%,5.04%,end
[2J[Hstart,132.30%,5.04%,end
[2J[Hstart,133.50%,5.04%,end
[2J[Hstart,133.50%,5.04%,end
[2J[Hstart,171.47%,5.04%,end
[2J[Hstart,171.47%,5.04%,end
[2J[Hstart,161.74%,5.04%,end
[2J[Hstart,161.74%,5.04%,end
[2J[Hstart,156.20%,5.04%,end
[2J[Hstart,156.20%,5.04%,end
[2J[Hstart,139.30%,5.04%,end
[2J[Hstart,139.30%,5.04%,end
[2J[Hstart,176.69%,5.04%,end
[2J[Hstart,176.69%,5.04%,end
[2J[Hstart,108.11%,5.05%,end
[2J[Hstart,108.11%,5.05%,end
[2J[Hstart,166.58%,5.04%,end
[2J[Hstart,166.58%,5.04%,end
[2J[Hstart,142.03%,5.04%,end
[2J[Hstart,142.03%,5.04%,end
[2J[Hstart,182.68%,5.04%,end
[2J[Hstart,182.68%,5.04%,end
[2J[Hstart,140.35%,5.06%,end
[2J[Hstart,140.35%,5.06%,end
[2J[Hstart,144.06%,5.04%,end
[2J[Hstart,144.06%,5.04%,end
[2J[Hstart,163.07%,5.04%,end
[2J[Hstart,163.07%,5.04%,end
[2J[Hstart,148.71%,5.04%,end
[2J[Hstart,148.71%,5.04%,end
[2J[Hstart,148.97%,5.04%,end
[2J[Hstart,148.97%,5.04%,end
[2J[Hstart,139.90%,5.04%,end
[2J[Hstart,139.90%,5.04%,end
[2J[Hstart,134.73%,5.04%,end
[2J[Hstart,134.73%,5.04%,end
[2J[Hstart,135.90%,5.05%,end
[2J[Hstart,135.90%,5.05%,end
[2J[Hstart,175.57%,5.04%,end
[2J[Hstart,175.57%,5.04%,end
[2J[Hstart,104.65%,5.04%,end
[2J[Hstart,104.65%,5.04%,end
[2J[Hstart,172.64%,5.04%,end
[2J[Hstart,172.64%,5.04%,end
[2J[Hstart,127.79%,5.06%,end
[2J[Hstart,127.79%,5.06%,end
[2J[Hstart,169.45%,5.04%,end
[2J[Hstart,169.45%,5.04%,end
[2J[Hstart,147.09%,5.04%,end
[2J[Hstart,147.09%,5.04%,end
[2J[Hstart,187.09%,5.04%,end
[2J[Hstart,187.09%,5.04%,end
[2J[Hstart,109.28%,5.05%,end
[2J[Hstart,109.28%,5.05%,end
[2J[Hstart,119.09%,5.04%,end
[2J[Hstart,119.09%,5.04%,end
[2J[Hstart,176.27%,5.04%,end
[2J[Hstart,176.27%,5.04%,end
[2J[Hstart,173.75%,5.04%,end
[2J[Hstart,173.75%,5.04%,end
[2J[Hstart,133.21%,5.04%,end
[2J[Hstart,133.21%,5.04%,end
[2J[Hstart,173.10%,5.04%,end
[2J[Hstart,173.10%,5.04%,end
[2J[Hstart,136.30%,5.04%,end
[2J[Hstart,136.30%,5.04%,end
[2J[Hstart,145.67%,5.04%,end
[2J[Hstart,145.67%,5.04%,end
[2J[Hstart,139.01%,5.06%,end
[2J[Hstart,139.01%,5.06%,end
[2J[Hstart,140.54%,5.05%,end
[2J[Hstart,140.54%,5.05%,end
[2J[Hstart,146.32%,5.05%,end
[2J[Hstart,146.32%,5.05%,end
[2J[Hstart,166.65%,5.05%,end
[2J[Hstart,166.65%,5.05%,end
[2J[Hstart,139.49%,5.06%,end
[2J[Hstart,139.49%,5.06%,end
[2J[Hstart,118.75%,5.05%,end
[2J[Hstart,118.75%,5.05%,end
[2J[Hstart,183.32%,5.05%,end
[2J[Hstart,183.32%,5.05%,end
[2J[Hstart,208.07%,5.05%,end
[2J[Hstart,208.07%,5.05%,end
[2J[Hstart,139.51%,5.07%,end
[2J[Hstart,139.51%,5.07%,end
[2J[Hstart,134.88%,5.05%,end
[2J[Hstart,134.88%,5.05%,end
[2J[Hstart,184.01%,5.05%,end
[2J[Hstart,184.01%,5.05%,end
[2J[Hstart,167.44%,5.05%,end
[2J[Hstart,167.44%,5.05%,end
[2J[Hstart,123.03%,5.07%,end
[2J[Hstart,123.03%,5.07%,end
[2J[Hstart,149.16%,5.05%,end
[2J[Hstart,149.16%,5.05%,end
[2J[Hstart,153.86%,5.05%,end
[2J[Hstart,153.86%,5.05%,end
[2J[Hstart,121.78%,5.05%,end
[2J[Hstart,121.78%,5.05%,end
[2J[Hstart,120.65%,5.05%,end
[2J[Hstart,120.65%,5.05%,end
[2J[Hstart,183.27%,5.05%,end
[2J[Hstart,183.27%,5.05%,end
[2J[Hstart,179.18%,5.05%,end
[2J[Hstart,179.18%,5.05%,end
[2J[Hstart,99.33%,5.05%,end
[2J[Hstart,99.33%,5.05%,end
[2J[Hstart,141.88%,5.05%,end
[2J[Hstart,141.88%,5.05%,end
[2J[Hstart,176.82%,5.05%,end
[2J[Hstart,176.82%,5.05%,end
[2J[Hstart,176.82%,5.05%,end
[2J[Hstart,175.88%,5.05%,end
[2J[Hstart,110.88%,5.05%,end
[2J[Hstart,110.88%,5.05%,end
[2J[Hstart,110.88%,5.05%,end
[2J[Hstart,162.45%,5.05%,end
[2J[Hstart,162.45%,5.05%,end
[2J[Hstart,180.80%,5.06%,end
[2J[Hstart,180.80%,5.06%,end
[2J[Hstart,121.01%,5.05%,end
[2J[Hstart,121.01%,5.05%,end
[2J[Hstart,136.13%,5.06%,end
[2J[Hstart,136.13%,5.06%,end
[2J[Hstart,172.18%,5.06%,end
[2J[Hstart,172.18%,5.06%,end
[2J[Hstart,151.72%,5.07%,end
[2J[Hstart,151.72%,5.07%,end
[2J[Hstart,152.09%,5.06%,end
[2J[Hstart,152.09%,5.06%,end
[2J[Hstart,120.46%,5.06%,end
[2J[Hstart,120.46%,5.06%,end
[2J[Hstart,176.55%,5.06%,end
[2J[Hstart,176.55%,5.06%,end
[2J[Hstart,113.48%,5.07%,end
[2J[Hstart,113.48%,5.07%,end
[2J[Hstart,172.00%,5.06%,end
[2J[Hstart,172.00%,5.06%,end
[2J[Hstart,149.03%,5.06%,end
[2J[Hstart,149.03%,5.06%,end
[2J[Hstart,182.64%,5.06%,end
[2J[Hstart,182.64%,5.06%,end
[2J[Hstart,139.64%,5.06%,end
[2J[Hstart,139.64%,5.06%,end
[2J[Hstart,153.24%,5.06%,end
[2J[Hstart,153.24%,5.06%,end
[2J[Hstart,181.06%,5.06%,end
[2J[Hstart,181.06%,5.06%,end
[2J[Hstart,137.30%,5.06%,end
[2J[Hstart,137.30%,5.06%,end
[2J[Hstart,145.07%,5.06%,end
[2J[Hstart,145.07%,5.06%,end
[2J[Hstart,131.90%,5.06%,end
[2J[Hstart,131.90%,5.06%,end
[2J[Hstart,185.19%,5.07%,end
[2J[Hstart,185.19%,5.07%,end
[2J[Hstart,108.46%,5.07%,end
[2J[Hstart,108.46%,5.07%,end
[2J[Hstart,123.46%,5.07%,end
[2J[Hstart,123.46%,5.07%,end
[2J[Hstart,99.60%,5.09%,end
[2J[Hstart,99.60%,5.09%,end
[2J[Hstart,143.86%,5.07%,end
[2J[Hstart,143.86%,5.07%,end
[2J[Hstart,176.79%,5.07%,end
[2J[Hstart,176.79%,5.07%,end
[2J[Hstart,130.07%,5.07%,end
[2J[Hstart,130.07%,5.07%,end
[2J[Hstart,132.18%,5.08%,end
[2J[Hstart,132.18%,5.08%,end
[2J[Hstart,186.09%,5.07%,end
[2J[Hstart,186.09%,5.07%,end
[2J[Hstart,143.05%,5.08%,end
[2J[Hstart,143.05%,5.08%,end
[2J[Hstart,142.26%,5.08%,end
[2J[Hstart,142.26%,5.08%,end
[2J[Hstart,150.84%,5.07%,end
[2J[Hstart,150.84%,5.07%,end
[2J[Hstart,180.25%,5.07%,end
[2J[Hstart,180.25%,5.07%,end
[2J[Hstart,139.74%,5.07%,end
[2J[Hstart,139.74%,5.07%,end
[2J[Hstart,146.41%,5.07%,end
[2J[Hstart,146.41%,5.07%,end
[2J[Hstart,153.66%,5.07%,end
[2J[Hstart,153.66%,5.07%,end
[2J[Hstart,154.14%,5.07%,end
[2J[Hstart,154.14%,5.07%,end
[2J[Hstart,134.41%,5.07%,end
[2J[Hstart,134.41%,5.07%,end
[2J[Hstart,131.97%,5.08%,end
[2J[Hstart,131.97%,5.08%,end
[2J[Hstart,179.09%,5.08%,end
[2J[Hstart,179.09%,5.08%,end
[2J[Hstart,153.18%,5.07%,end
[2J[Hstart,153.18%,5.07%,end
[2J[Hstart,147.93%,5.07%,end
[2J[Hstart,147.93%,5.07%,end
[2J[Hstart,104.08%,5.08%,end
[2J[Hstart,104.08%,5.08%,end
[2J[Hstart,185.60%,5.07%,end
[2J[Hstart,185.60%,5.07%,end
[2J[Hstart,135.75%,5.07%,end
[2J[Hstart,135.75%,5.07%,end
[2J[Hstart,176.90%,5.07%,end
[2J[Hstart,176.90%,5.07%,end
[2J[Hstart,139.64%,5.07%,end
[2J[Hstart,139.64%,5.07%,end
[2J[Hstart,174.57%,5.07%,end
[2J[Hstart,174.57%,5.07%,end
[2J[Hstart,117.74%,5.07%,end
[2J[Hstart,117.74%,5.07%,end
[2J[Hstart,154.88%,5.07%,end
[2J[Hstart,154.88%,5.07%,end
[2J[Hstart,162.21%,5.07%,end
[2J[Hstart,162.21%,5.07%,end
[2J[Hstart,157.69%,5.07%,end
[2J[Hstart,157.69%,5.07%,end
[2J[Hstart,134.47%,5.07%,end
[2J[Hstart,134.47%,5.07%,end
[2J[Hstart,140.08%,5.09%,end
[2J[Hstart,140.08%,5.09%,end
[2J[Hstart,182.45%,5.08%,end
[2J[Hstart,182.45%,5.08%,end
[2J[Hstart,107.18%,5.07%,end
[2J[Hstart,107.18%,5.07%,end
[2J[Hstart,177.53%,5.07%,end
[2J[Hstart,177.53%,5.07%,end
[2J[Hstart,142.78%,5.08%,end
[2J[Hstart,142.78%,5.08%,end
[2J[Hstart,179.59%,5.08%,end
[2J[Hstart,179.59%,5.08%,end
[2J[Hstart,128.50%,5.07%,end
[2J[Hstart,128.50%,5.07%,end
[2J[Hstart,155.34%,5.07%,end
[2J[Hstart,155.34%,5.07%,end
[2J[Hstart,168.71%,5.07%,end
[2J[Hstart,168.71%,5.07%,end
[2J[Hstart,124.34%,5.07%,end
[2J[Hstart,124.34%,5.07%,end
[2J[Hstart,168.62%,5.07%,end
[2J[Hstart,168.62%,5.07%,end
[2J[Hstart,125.86%,5.08%,end
[2J[Hstart,125.86%,5.08%,end
[2J[Hstart,183.43%,5.07%,end
[2J[Hstart,183.43%,5.07%,end
[2J[Hstart,140.03%,5.07%,end
[2J[Hstart,140.03%,5.07%,end
[2J[Hstart,172.04%,5.07%,end
[2J[Hstart,172.04%,5.07%,end
[2J[Hstart,148.51%,5.07%,end
[2J[Hstart,148.51%,5.07%,end
[2J[Hstart,143.49%,5.07%,end
[2J[Hstart,143.49%,5.07%,end
[2J[Hstart,132.36%,5.07%,end
[2J[Hstart,132.36%,5.07%,end
[2J[Hstart,128.51%,5.09%,end
[2J[Hstart,128.51%,5.09%,end
[2J[Hstart,187.17%,5.08%,end
[2J[Hstart,187.17%,5.08%,end
[2J[Hstart,156.97%,5.07%,end
[2J[Hstart,156.97%,5.07%,end
[2J[Hstart,192.20%,5.08%,end
[2J[Hstart,192.20%,5.08%,end
[2J[Hstart,154.24%,5.08%,end
[2J[Hstart,154.24%,5.08%,end
[2J[Hstart,152.22%,5.08%,end
[2J[Hstart,152.22%,5.08%,end
[2J[Hstart,129.89%,5.08%,end
[2J[Hstart,129.89%,5.08%,end
[2J[Hstart,167.76%,5.08%,end
[2J[Hstart,167.76%,5.08%,end
[2J[Hstart,153.12%,5.08%,end
[2J[Hstart,153.12%,5.08%,end
[2J[Hstart,137.17%,5.08%,end
[2J[Hstart,137.17%,5.08%,end
[2J[Hstart,166.50%,5.08%,end
[2J[Hstart,166.50%,5.08%,end
[2J[Hstart,115.73%,5.08%,end
[2J[Hstart,115.73%,5.08%,end
[2J[Hstart,115.73%,5.08%,end
[2J[Hstart,121.77%,5.08%,end
[2J[Hstart,121.77%,5.08%,end
[2J[Hstart,123.90%,5.08%,end
[2J[Hstart,123.90%,5.08%,end
[2J[Hstart,175.07%,5.08%,end
[2J[Hstart,175.07%,5.08%,end
[2J[Hstart,135.78%,5.08%,end
[2J[Hstart,135.78%,5.08%,end
[2J[Hstart,153.89%,5.08%,end
[2J[Hstart,153.89%,5.08%,end
[2J[Hstart,160.71%,5.08%,end
[2J[Hstart,160.71%,5.08%,end
[2J[Hstart,155.86%,5.08%,end
[2J[Hstart,155.86%,5.08%,end
[2J[Hstart,114.16%,5.09%,end
[2J[Hstart,114.16%,5.09%,end
[2J[Hstart,150.28%,5.08%,end
[2J[Hstart,150.28%,5.08%,end
[2J[Hstart,171.87%,5.08%,end
[2J[Hstart,171.87%,5.08%,end
[2J[Hstart,142.92%,5.08%,end
[2J[Hstart,142.92%,5.08%,end
[2J[Hstart,163.42%,5.08%,end
[2J[Hstart,163.42%,5.08%,end
[2J[Hstart,134.40%,5.08%,end
[2J[Hstart,134.40%,5.08%,end
[2J[Hstart,155.27%,5.08%,end
[2J[Hstart,155.27%,5.08%,end
[2J[Hstart,146.06%,5.08%,end
[2J[Hstart,146.06%,5.08%,end
[2J[Hstart,159.01%,5.08%,end
[2J[Hstart,159.01%,5.08%,end
[2J[Hstart,151.19%,5.08%,end
[2J[Hstart,151.19%,5.08%,end
[2J[Hstart,150.12%,5.08%,end
[2J[Hstart,150.12%,5.08%,end
[2J[Hstart,155.99%,5.09%,end
[2J[Hstart,155.99%,5.09%,end
[2J[Hstart,109.94%,5.08%,end
[2J[Hstart,109.94%,5.08%,end
[2J[Hstart,171.31%,5.08%,end
[2J[Hstart,171.31%,5.08%,end
[2J[Hstart,136.32%,5.08%,end
[2J[Hstart,136.32%,5.08%,end
[2J[Hstart,174.71%,5.08%,end
[2J[Hstart,174.71%,5.08%,end
[2J[Hstart,142.97%,5.08%,end
[2J[Hstart,142.97%,5.08%,end
[2J[Hstart,172.23%,5.08%,end
[2J[Hstart,172.23%,5.08%,end
[2J[Hstart,151.91%,5.08%,end
[2J[Hstart,151.91%,5.08%,end
[2J[Hstart,124.25%,5.08%,end
[2J[Hstart,124.25%,5.08%,end
[2J[Hstart,130.39%,5.08%,end
[2J[Hstart,130.39%,5.08%,end
[2J[Hstart,140.16%,5.08%,end
[2J[Hstart,140.16%,5.08%,end
[2J[Hstart,182.80%,5.08%,end
[2J[Hstart,182.80%,5.08%,end
[2J[Hstart,144.99%,5.09%,end
[2J[Hstart,144.99%,5.09%,end
[2J[Hstart,132.14%,5.08%,end
[2J[Hstart,132.14%,5.08%,end
[2J[Hstart,121.12%,5.08%,end
[2J[Hstart,121.12%,5.08%,end
[2J[Hstart,147.53%,5.08%,end
[2J[Hstart,147.53%,5.08%,end
[2J[Hstart,138.79%,5.08%,end
[2J[Hstart,138.79%,5.08%,end
[2J[Hstart,106.66%,5.08%,end
[2J[Hstart,106.66%,5.08%,end
[2J[Hstart,170.42%,5.08%,end
[2J[Hstart,170.42%,5.08%,end
[2J[Hstart,150.92%,5.08%,end
[2J[Hstart,150.92%,5.08%,end
[2J[Hstart,175.59%,5.08%,end
[2J[Hstart,175.59%,5.08%,end
[2J[Hstart,145.54%,5.08%,end
[2J[Hstart,145.54%,5.08%,end
[2J[Hstart,98.42%,5.08%,end
[2J[Hstart,98.42%,5.08%,end
[2J[Hstart,157.77%,5.08%,end
[2J[Hstart,157.77%,5.08%,end
[2J[Hstart,168.75%,5.08%,end
[2J[Hstart,168.75%,5.08%,end
[2J[Hstart,153.97%,5.08%,end
[2J[Hstart,153.97%,5.08%,end
[2J[Hstart,145.40%,5.08%,end
[2J[Hstart,145.40%,5.08%,end
[2J[Hstart,172.23%,5.09%,end
[2J[Hstart,172.23%,5.09%,end
[2J[Hstart,176.58%,5.08%,end
[2J[Hstart,176.58%,5.08%,end
[2J[Hstart,104.34%,5.08%,end
[2J[Hstart,104.34%,5.08%,end
[2J[Hstart,146.88%,5.08%,end
[2J[Hstart,146.88%,5.08%,end
[2J[Hstart,170.94%,5.08%,end
[2J[Hstart,170.94%,5.08%,end
[2J[Hstart,156.29%,5.08%,end
[2J[Hstart,156.29%,5.08%,end
[2J[Hstart,116.18%,5.08%,end
[2J[Hstart,116.18%,5.08%,end
[2J[Hstart,158.72%,5.09%,end
[2J[Hstart,158.72%,5.09%,end
[2J[Hstart,171.72%,5.08%,end
[2J[Hstart,171.72%,5.08%,end
[2J[Hstart,106.18%,5.08%,end
[2J[Hstart,106.18%,5.08%,end
[2J[Hstart,124.04%,5.08%,end
[2J[Hstart,124.04%,5.08%,end
[2J[Hstart,173.85%,5.08%,end
[2J[Hstart,173.85%,5.08%,end
[2J[Hstart,172.08%,5.08%,end
[2J[Hstart,172.08%,5.08%,end
[2J[Hstart,120.58%,5.08%,end
[2J[Hstart,120.58%,5.08%,end
[2J[Hstart,146.40%,5.08%,end
[2J[Hstart,146.40%,5.08%,end
[2J[Hstart,162.97%,5.08%,end
[2J[Hstart,162.97%,5.08%,end
[2J[Hstart,113.39%,5.08%,end
[2J[Hstart,113.39%,5.08%,end
[2J[Hstart,131.83%,5.08%,end
[2J[Hstart,131.83%,5.08%,end
[2J[Hstart,157.01%,5.09%,end
[2J[Hstart,157.01%,5.09%,end
[2J[Hstart,154.91%,5.08%,end
[2J[Hstart,154.91%,5.08%,end
[2J[Hstart,161.77%,5.08%,end
[2J[Hstart,161.77%,5.08%,end
[2J[Hstart,149.96%,5.08%,end
[2J[Hstart,149.96%,5.08%,end
[2J[Hstart,122.65%,5.08%,end
[2J[Hstart,122.65%,5.08%,end
[2J[Hstart,156.20%,5.08%,end
[2J[Hstart,156.20%,5.08%,end
[2J[Hstart,139.40%,5.08%,end
[2J[Hstart,139.40%,5.08%,end
[2J[Hstart,164.06%,5.08%,end
[2J[Hstart,164.06%,5.08%,end
[2J[Hstart,133.06%,5.09%,end
[2J[Hstart,133.06%,5.09%,end
[2J[Hstart,175.28%,5.08%,end
[2J[Hstart,175.28%,5.08%,end
[2J[Hstart,150.85%,5.08%,end
[2J[Hstart,150.85%,5.08%,end
[2J[Hstart,151.49%,5.08%,end
[2J[Hstart,151.49%,5.08%,end
[2J[Hstart,132.43%,5.09%,end
[2J[Hstart,132.43%,5.09%,end
[2J[Hstart,144.97%,5.08%,end
[2J[Hstart,144.97%,5.08%,end
[2J[Hstart,183.81%,5.08%,end
[2J[Hstart,183.81%,5.08%,end
[2J[Hstart,174.91%,5.08%,end
[2J[Hstart,174.91%,5.08%,end
[2J[Hstart,149.04%,5.08%,end
[2J[Hstart,149.04%,5.08%,end
[2J[Hstart,127.19%,5.08%,end
[2J[Hstart,127.19%,5.08%,end
[2J[Hstart,152.15%,5.08%,end
[2J[Hstart,152.15%,5.08%,end
[2J[Hstart,155.28%,5.08%,end
[2J[Hstart,155.28%,5.08%,end
[2J[Hstart,163.14%,5.08%,end
[2J[Hstart,163.14%,5.08%,end
[2J[Hstart,171.63%,5.08%,end
[2J[Hstart,171.63%,5.08%,end
[2J[Hstart,173.51%,5.08%,end
[2J[Hstart,173.51%,5.08%,end
[2J[Hstart,144.85%,5.08%,end
[2J[Hstart,144.85%,5.08%,end
[2J[Hstart,119.01%,5.08%,end
[2J[Hstart,119.01%,5.08%,end
[2J[Hstart,178.71%,5.08%,end
[2J[Hstart,178.71%,5.08%,end
[2J[Hstart,177.91%,5.08%,end
[2J[Hstart,177.91%,5.08%,end
[2J[Hstart,132.52%,5.09%,end
[2J[Hstart,132.52%,5.09%,end
[2J[Hstart,158.40%,5.08%,end
[2J[Hstart,158.40%,5.08%,end
[2J[Hstart,144.17%,5.08%,end
[2J[Hstart,144.17%,5.08%,end
[2J[Hstart,172.55%,5.08%,end
[2J[Hstart,172.55%,5.08%,end
[2J[Hstart,172.55%,5.08%,end
[2J[Hstart,172.55%,5.08%,end
[2J[Hstart,131.82%,5.08%,end
[2J[Hstart,131.82%,5.08%,end
[2J[Hstart,164.67%,5.08%,end
[2J[Hstart,164.67%,5.08%,end
[2J[Hstart,168.39%,5.08%,end
[2J[Hstart,168.39%,5.08%,end
[2J[Hstart,159.74%,5.08%,end
[2J[Hstart,159.74%,5.08%,end
[2J[Hstart,147.94%,5.08%,end
[2J[Hstart,147.94%,5.08%,end
[2J[Hstart,145.43%,5.08%,end
[2J[Hstart,145.43%,5.08%,end
[2J[Hstart,131.96%,5.08%,end
[2J[Hstart,131.96%,5.08%,end
[2J[Hstart,154.43%,5.09%,end
[2J[Hstart,154.43%,5.09%,end
[2J[Hstart,164.47%,5.08%,end
[2J[Hstart,164.47%,5.08%,end
[2J[Hstart,171.43%,5.08%,end
[2J[Hstart,171.43%,5.08%,end
[2J[Hstart,137.30%,5.08%,end
[2J[Hstart,137.30%,5.08%,end
[2J[Hstart,116.65%,5.09%,end
[2J[Hstart,116.65%,5.09%,end
[2J[Hstart,143.55%,5.08%,end
[2J[Hstart,143.55%,5.08%,end
[2J[Hstart,153.38%,5.08%,end
[2J[Hstart,153.38%,5.08%,end
[2J[Hstart,172.91%,5.08%,end
[2J[Hstart,172.91%,5.08%,end
[2J[Hstart,135.32%,5.09%,end
[2J[Hstart,135.32%,5.09%,end
[2J[Hstart,195.38%,5.08%,end
[2J[Hstart,195.38%,5.08%,end
[2J[Hstart,137.42%,5.08%,end
[2J[Hstart,137.42%,5.08%,end
[2J[Hstart,157.39%,5.08%,end
[2J[Hstart,157.39%,5.08%,end
[2J[Hstart,132.95%,5.08%,end
[2J[Hstart,132.95%,5.08%,end
[2J[Hstart,177.97%,5.08%,end
[2J[Hstart,177.97%,5.08%,end
[2J[Hstart,125.09%,5.08%,end
[2J[Hstart,125.09%,5.08%,end
[2J[Hstart,151.32%,5.08%,end
[2J[Hstart,151.32%,5.08%,end
[2J[Hstart,178.30%,5.08%,end
[2J[Hstart,178.30%,5.08%,end
[2J[Hstart,136.05%,5.08%,end
[2J[Hstart,136.05%,5.08%,end
[2J[Hstart,135.73%,5.08%,end
[2J[Hstart,135.73%,5.08%,end
[2J[Hstart,131.15%,5.08%,end
[2J[Hstart,131.15%,5.08%,end
[2J[Hstart,158.45%,5.08%,end
[2J[Hstart,158.45%,5.08%,end
[2J[Hstart,105.14%,5.08%,end
[2J[Hstart,105.14%,5.08%,end
[2J[Hstart,182.65%,5.08%,end
[2J[Hstart,182.65%,5.08%,end
[2J[Hstart,136.01%,5.08%,end
[2J[Hstart,136.01%,5.08%,end
[2J[Hstart,136.15%,5.08%,end
[2J[Hstart,136.15%,5.08%,end
[2J[Hstart,152.29%,5.08%,end
[2J[Hstart,152.29%,5.08%,end
[2J[Hstart,178.73%,5.08%,end
[2J[Hstart,178.73%,5.08%,end
[2J[Hstart,128.61%,5.08%,end
[2J[Hstart,128.61%,5.08%,end
[2J[Hstart,148.18%,5.08%,end
[2J[Hstart,148.18%,5.08%,end
[2J[Hstart,169.71%,5.08%,end
[2J[Hstart,169.71%,5.08%,end
[2J[Hstart,175.44%,5.08%,end
[2J[Hstart,175.44%,5.08%,end
[2J[Hstart,88.53%,5.09%,end
[2J[Hstart,88.53%,5.09%,end
[2J[Hstart,141.66%,5.08%,end
[2J[Hstart,141.66%,5.08%,end
[2J[Hstart,176.91%,5.08%,end
[2J[Hstart,176.91%,5.08%,end
[2J[Hstart,179.71%,5.08%,end
[2J[Hstart,179.71%,5.08%,end
[2J[Hstart,133.94%,5.09%,end
[2J[Hstart,133.94%,5.09%,end
[2J[Hstart,128.17%,5.08%,end
[2J[Hstart,128.17%,5.08%,end
[2J[Hstart,177.27%,5.08%,end
[2J[Hstart,177.27%,5.08%,end
[2J[Hstart,124.44%,5.08%,end
[2J[Hstart,124.44%,5.08%,end
[2J[Hstart,134.66%,5.08%,end
[2J[Hstart,134.66%,5.08%,end
[2J[Hstart,134.66%,5.08%,end
[2J[Hstart,144.88%,5.08%,end
[2J[Hstart,144.88%,5.08%,end
[2J[Hstart,180.92%,5.08%,end
[2J[Hstart,180.92%,5.08%,end
[2J[Hstart,150.48%,5.08%,end
[2J[Hstart,150.48%,5.08%,end
[2J[Hstart,128.28%,5.08%,end
[2J[Hstart,128.28%,5.08%,end
[2J[Hstart,151.56%,5.08%,end
[2J[Hstart,151.56%,5.08%,end
[2J[Hstart,153.99%,5.08%,end
[2J[Hstart,153.99%,5.08%,end
[2J[Hstart,134.15%,5.08%,end
[2J[Hstart,134.15%,5.08%,end
[2J[Hstart,155.21%,5.09%,end
[2J[Hstart,155.21%,5.09%,end
[2J[Hstart,180.13%,5.10%,end
[2J[Hstart,180.13%,5.10%,end
[2J[Hstart,179.22%,5.10%,end
[2J[Hstart,179.22%,5.10%,end
[2J[Hstart,94.08%,5.10%,end
[2J[Hstart,94.08%,5.10%,end
[2J[Hstart,123.01%,5.10%,end
[2J[Hstart,123.01%,5.10%,end
[2J[Hstart,155.47%,5.10%,end
[2J[Hstart,155.47%,5.10%,end
[2J[Hstart,167.91%,5.10%,end
[2J[Hstart,167.91%,5.10%,end
[2J[Hstart,129.41%,5.10%,end
[2J[Hstart,129.41%,5.10%,end
[2J[Hstart,157.00%,5.11%,end
[2J[Hstart,157.00%,5.11%,end
[2J[Hstart,143.12%,5.10%,end
[2J[Hstart,143.12%,5.10%,end
[2J[Hstart,133.04%,5.10%,end
[2J[Hstart,133.04%,5.10%,end
[2J[Hstart,167.40%,5.10%,end
[2J[Hstart,167.40%,5.10%,end
[2J[Hstart,149.49%,5.11%,end
[2J[Hstart,149.49%,5.11%,end
[2J[Hstart,181.88%,5.10%,end
[2J[Hstart,181.88%,5.10%,end
[2J[Hstart,157.07%,5.10%,end
[2J[Hstart,157.07%,5.10%,end
[2J[Hstart,173.82%,5.10%,end
[2J[Hstart,173.82%,5.10%,end
[2J[Hstart,173.82%,5.10%,end
[2J[Hstart,146.46%,5.10%,end
[2J[Hstart,146.46%,5.10%,end
[2J[Hstart,147.70%,5.10%,end
[2J[Hstart,147.70%,5.10%,end
[2J[Hstart,183.40%,5.10%,end
[2J[Hstart,183.40%,5.10%,end
[2J[Hstart,172.08%,5.10%,end
[2J[Hstart,172.08%,5.10%,end
[2J[Hstart,163.04%,5.10%,end
[2J[Hstart,163.04%,5.10%,end
[2J[Hstart,116.52%,5.10%,end
[2J[Hstart,116.52%,5.10%,end
[2J[Hstart,206.40%,5.10%,end
[2J[Hstart,206.40%,5.10%,end
[2J[Hstart,147.53%,5.11%,end
[2J[Hstart,147.53%,5.11%,end
[2J[Hstart,156.20%,5.10%,end
[2J[Hstart,156.20%,5.10%,end
[2J[Hstart,168.67%,5.10%,end
[2J[Hstart,168.67%,5.10%,end
[2J[Hstart,190.40%,5.10%,end
[2J[Hstart,190.40%,5.10%,end
[2J[Hstart,113.45%,5.11%,end
[2J[Hstart,113.45%,5.11%,end
[2J[Hstart,118.88%,5.10%,end
[2J[Hstart,118.88%,5.10%,end
[2J[Hstart,178.53%,5.10%,end
[2J[Hstart,178.53%,5.10%,end
[2J[Hstart,180.74%,5.10%,end
[2J[Hstart,180.74%,5.10%,end
[2J[Hstart,129.52%,5.10%,end
[2J[Hstart,129.52%,5.10%,end
[2J[Hstart,165.03%,5.10%,end
[2J[Hstart,165.03%,5.10%,end
[2J[Hstart,189.65%,5.10%,end
[2J[Hstart,189.65%,5.10%,end
[2J[Hstart,130.19%,5.10%,end
[2J[Hstart,130.19%,5.10%,end
[2J[Hstart,99.39%,5.10%,end
[2J[Hstart,99.39%,5.10%,end
[2J[Hstart,136.73%,5.10%,end
[2J[Hstart,136.73%,5.10%,end
[2J[Hstart,184.23%,5.10%,end
[2J[Hstart,184.23%,5.10%,end
[2J[Hstart,178.49%,5.10%,end
[2J[Hstart,178.49%,5.10%,end
[2J[Hstart,142.66%,5.10%,end
[2J[Hstart,142.66%,5.10%,end
[2J[Hstart,145.80%,5.10%,end
[2J[Hstart,145.80%,5.10%,end
[2J[Hstart,175.79%,5.10%,end
[2J[Hstart,175.79%,5.10%,end
[2J[Hstart,108.33%,5.10%,end
[2J[Hstart,108.33%,5.10%,end
[2J[Hstart,153.61%,5.10%,end
[2J[Hstart,153.61%,5.10%,end
[2J[Hstart,173.96%,5.10%,end
[2J[Hstart,173.96%,5.10%,end
[2J[Hstart,185.49%,5.10%,end
[2J[Hstart,185.49%,5.10%,end
[2J[Hstart,147.37%,5.10%,end
[2J[Hstart,147.37%,5.10%,end
[2J[Hstart,134.26%,5.11%,end
[2J[Hstart,134.26%,5.11%,end
[2J[Hstart,164.61%,5.10%,end
[2J[Hstart,164.61%,5.10%,end
[2J[Hstart,166.80%,5.10%,end
[2J[Hstart,166.80%,5.10%,end
[2J[Hstart,180.00%,5.11%,end
[2J[Hstart,180.00%,5.11%,end
[2J[Hstart,150.79%,5.11%,end
[2J[Hstart,150.79%,5.11%,end
[2J[Hstart,184.59%,5.11%,end
[2J[Hstart,184.59%,5.11%,end
[2J[Hstart,133.58%,5.11%,end
[2J[Hstart,133.58%,5.11%,end
[2J[Hstart,145.45%,5.11%,end
[2J[Hstart,145.45%,5.11%,end
[2J[Hstart,131.51%,5.11%,end
[2J[Hstart,131.51%,5.11%,end
[2J[Hstart,162.65%,5.11%,end
[2J[Hstart,162.65%,5.11%,end
[2J[Hstart,157.17%,5.11%,end
[2J[Hstart,157.17%,5.11%,end
[2J[Hstart,159.10%,5.11%,end
[2J[Hstart,159.10%,5.11%,end
[2J[Hstart,120.59%,5.11%,end
[2J[Hstart,120.59%,5.11%,end
[2J[Hstart,106.51%,5.11%,end
[2J[Hstart,106.51%,5.11%,end
[2J[Hstart,184.60%,5.11%,end
[2J[Hstart,184.60%,5.11%,end
[2J[Hstart,148.41%,5.11%,end
[2J[Hstart,148.41%,5.11%,end
[2J[Hstart,165.64%,5.11%,end
[2J[Hstart,165.64%,5.11%,end
[2J[Hstart,117.56%,5.11%,end
[2J[Hstart,117.56%,5.11%,end
[2J[Hstart,179.28%,5.11%,end
[2J[Hstart,179.28%,5.11%,end
[2J[Hstart,179.28%,5.11%,end
[2J[Hstart,110.61%,5.11%,end
[2J[Hstart,110.61%,5.11%,end
[2J[Hstart,169.10%,5.11%,end
[2J[Hstart,169.10%,5.11%,end
[2J[Hstart,167.61%,5.11%,end
[2J[Hstart,167.61%,5.11%,end
[2J[Hstart,190.26%,5.11%,end
[2J[Hstart,190.26%,5.11%,end
[2J[Hstart,151.57%,5.12%,end
[2J[Hstart,151.57%,5.12%,end
[2J[Hstart,138.48%,5.11%,end
[2J[Hstart,138.48%,5.11%,end
[2J[Hstart,180.63%,5.11%,end
[2J[Hstart,180.63%,5.11%,end
[2J[Hstart,137.15%,5.11%,end
[2J[Hstart,137.15%,5.11%,end
[2J[Hstart,122.84%,5.11%,end
[2J[Hstart,122.84%,5.11%,end
[2J[Hstart,148.37%,5.11%,end
[2J[Hstart,148.37%,5.11%,end
[2J[Hstart,178.01%,5.11%,end
[2J[Hstart,178.01%,5.11%,end
[2J[Hstart,160.07%,5.11%,end
[2J[Hstart,160.07%,5.11%,end
[2J[Hstart,130.32%,5.12%,end
[2J[Hstart,130.32%,5.12%,end
[2J[Hstart,142.14%,5.11%,end
[2J[Hstart,142.14%,5.11%,end
[2J[Hstart,134.06%,5.11%,end
[2J[Hstart,134.06%,5.11%,end
[2J[Hstart,162.84%,5.11%,end
[2J[Hstart,162.84%,5.11%,end
[2J[Hstart,177.47%,5.11%,end
[2J[Hstart,177.47%,5.11%,end
[2J[Hstart,127.64%,5.11%,end
[2J[Hstart,127.64%,5.11%,end
[2J[Hstart,193.72%,5.11%,end
[2J[Hstart,193.72%,5.11%,end
[2J[Hstart,152.32%,5.11%,end
[2J[Hstart,152.32%,5.11%,end
[2J[Hstart,147.37%,5.11%,end
[2J[Hstart,147.37%,5.11%,end
[2J[Hstart,152.09%,5.11%,end
[2J[Hstart,152.09%,5.11%,end
[2J[Hstart,185.28%,5.11%,end
[2J[Hstart,185.28%,5.11%,end
[2J[Hstart,180.88%,5.11%,end
[2J[Hstart,180.88%,5.11%,end
[2J[Hstart,125.16%,5.12%,end
[2J[Hstart,125.16%,5.12%,end
[2J[Hstart,146.55%,5.11%,end
[2J[Hstart,146.55%,5.11%,end
[2J[Hstart,159.69%,5.11%,end
[2J[Hstart,159.69%,5.11%,end
[2J[Hstart,189.55%,5.11%,end
[2J[Hstart,189.55%,5.11%,end
[2J[Hstart,96.95%,5.12%,end
[2J[Hstart,96.95%,5.12%,end
[2J[Hstart,157.86%,5.11%,end
[2J[Hstart,157.86%,5.11%,end
[2J[Hstart,183.51%,5.11%,end
[2J[Hstart,183.51%,5.11%,end
[2J[Hstart,163.13%,5.11%,end
[2J[Hstart,163.13%,5.11%,end
[2J[Hstart,113.41%,5.11%,end
[2J[Hstart,113.41%,5.11%,end
[2J[Hstart,184.61%,5.11%,end
[2J[Hstart,184.61%,5.11%,end
[2J[Hstart,186.22%,5.11%,end
[2J[Hstart,186.22%,5.11%,end
[2J[Hstart,147.15%,5.11%,end
[2J[Hstart,147.15%,5.11%,end
[2J[Hstart,155.89%,5.11%,end
[2J[Hstart,155.89%,5.11%,end
[2J[Hstart,151.63%,5.12%,end
[2J[Hstart,151.63%,5.12%,end
[2J[Hstart,151.63%,5.12%,end
[2J[Hstart,151.63%,5.12%,end
[2J[Hstart,146.22%,5.11%,end
[2J[Hstart,146.22%,5.11%,end
[2J[Hstart,173.42%,5.11%,end
[2J[Hstart,173.42%,5.11%,end
[2J[Hstart,177.67%,5.11%,end
[2J[Hstart,177.67%,5.11%,end
[2J[Hstart,163.87%,5.11%,end
[2J[Hstart,163.87%,5.11%,end
[2J[Hstart,155.13%,5.12%,end
[2J[Hstart,155.13%,5.12%,end
[2J[Hstart,122.04%,5.11%,end
[2J[Hstart,122.04%,5.11%,end
[2J[Hstart,141.05%,5.11%,end
[2J[Hstart,141.05%,5.11%,end
[2J[Hstart,182.58%,5.11%,end
[2J[Hstart,182.58%,5.11%,end
[2J[Hstart,164.83%,5.11%,end
[2J[Hstart,164.83%,5.11%,end
[2J[Hstart,132.36%,5.11%,end
[2J[Hstart,132.36%,5.11%,end
[2J[Hstart,180.25%,5.11%,end
[2J[Hstart,180.25%,5.11%,end
[2J[Hstart,190.09%,5.11%,end
[2J[Hstart,190.09%,5.11%,end
[2J[Hstart,135.23%,5.11%,end
[2J[Hstart,135.23%,5.11%,end
[2J[Hstart,138.96%,5.11%,end
[2J[Hstart,138.96%,5.11%,end
[2J[Hstart,187.64%,5.11%,end
[2J[Hstart,187.64%,5.11%,end
[2J[Hstart,184.71%,5.11%,end
[2J[Hstart,184.71%,5.11%,end
[2J[Hstart,140.93%,5.12%,end
[2J[Hstart,140.93%,5.12%,end
[2J[Hstart,165.12%,5.11%,end
[2J[Hstart,165.12%,5.11%,end
[2J[Hstart,182.69%,5.11%,end
[2J[Hstart,182.69%,5.11%,end
[2J[Hstart,155.83%,5.11%,end
[2J[Hstart,155.83%,5.11%,end
[2J[Hstart,90.48%,5.12%,end
[2J[Hstart,90.48%,5.12%,end
[2J[Hstart,153.01%,5.11%,end
[2J[Hstart,153.01%,5.11%,end
[2J[Hstart,177.26%,5.11%,end
[2J[Hstart,177.26%,5.11%,end
[2J[Hstart,179.96%,5.11%,end
[2J[Hstart,179.96%,5.11%,end
[2J[Hstart,121.36%,5.12%,end
[2J[Hstart,121.36%,5.12%,end
[2J[Hstart,169.09%,5.11%,end
[2J[Hstart,169.09%,5.11%,end
[2J[Hstart,171.43%,5.11%,end
[2J[Hstart,171.43%,5.11%,end
[2J[Hstart,185.18%,5.11%,end
[2J[Hstart,185.18%,5.11%,end
[2J[Hstart,115.50%,5.12%,end
[2J[Hstart,115.50%,5.12%,end
[2J[Hstart,177.82%,5.11%,end
[2J[Hstart,177.82%,5.11%,end
[2J[Hstart,184.49%,5.11%,end
[2J[Hstart,184.49%,5.11%,end
[2J[Hstart,152.65%,5.11%,end
[2J[Hstart,152.65%,5.11%,end
[2J[Hstart,99.68%,5.11%,end
[2J[Hstart,99.68%,5.11%,end
[2J[Hstart,172.58%,5.11%,end
[2J[Hstart,172.58%,5.11%,end
[2J[Hstart,183.04%,5.11%,end
[2J[Hstart,183.04%,5.11%,end
[2J[Hstart,156.55%,5.11%,end
[2J[Hstart,156.55%,5.11%,end
[2J[Hstart,147.38%,5.11%,end
[2J[Hstart,147.38%,5.11%,end
[2J[Hstart,185.28%,5.11%,end
[2J[Hstart,185.28%,5.11%,end
[2J[Hstart,181.52%,5.11%,end
[2J[Hstart,181.52%,5.11%,end
[2J[Hstart,106.98%,5.11%,end
[2J[Hstart,106.98%,5.11%,end
[2J[Hstart,158.81%,5.11%,end
[2J[Hstart,158.81%,5.11%,end
[2J[Hstart,183.12%,5.11%,end
[2J[Hstart,183.12%,5.11%,end
[2J[Hstart,183.08%,5.11%,end
[2J[Hstart,183.08%,5.11%,end
[2J[Hstart,109.93%,5.12%,end
[2J[Hstart,109.93%,5.12%,end
[2J[Hstart,185.40%,5.11%,end
[2J[Hstart,185.40%,5.11%,end
[2J[Hstart,194.63%,5.11%,end
[2J[Hstart,194.63%,5.11%,end
[2J[Hstart,158.19%,5.11%,end
[2J[Hstart,158.19%,5.11%,end
[2J[Hstart,101.64%,5.12%,end
[2J[Hstart,101.64%,5.12%,end
[2J[Hstart,191.87%,5.11%,end
[2J[Hstart,191.87%,5.11%,end
[2J[Hstart,185.32%,5.11%,end
[2J[Hstart,185.32%,5.11%,end
[2J[Hstart,165.63%,5.11%,end
[2J[Hstart,165.63%,5.11%,end
[2J[Hstart,104.40%,5.12%,end
[2J[Hstart,104.40%,5.12%,end
[2J[Hstart,123.00%,5.11%,end
[2J[Hstart,123.00%,5.11%,end
[2J[Hstart,123.00%,5.11%,end
[2J[Hstart,183.11%,5.11%,end
[2J[Hstart,183.11%,5.11%,end
[2J[Hstart,144.02%,5.11%,end
[2J[Hstart,144.02%,5.11%,end
[2J[Hstart,148.50%,5.11%,end
[2J[Hstart,148.50%,5.11%,end
[2J[Hstart,183.04%,5.11%,end
[2J[Hstart,183.04%,5.11%,end
[2J[Hstart,179.25%,5.11%,end
[2J[Hstart,179.25%,5.11%,end
[2J[Hstart,90.87%,5.12%,end
[2J[Hstart,90.87%,5.12%,end
[2J[Hstart,154.46%,5.11%,end
[2J[Hstart,154.46%,5.11%,end
[2J[Hstart,180.72%,5.11%,end
[2J[Hstart,180.72%,5.11%,end
[2J[Hstart,163.56%,5.11%,end
[2J[Hstart,163.56%,5.11%,end
[2J[Hstart,128.96%,5.12%,end
[2J[Hstart,128.96%,5.12%,end
[2J[Hstart,188.06%,5.11%,end
[2J[Hstart,188.06%,5.11%,end
[2J[Hstart,180.05%,5.11%,end
[2J[Hstart,180.05%,5.11%,end
[2J[Hstart,134.97%,5.11%,end
[2J[Hstart,134.97%,5.11%,end
[2J[Hstart,107.67%,5.11%,end
[2J[Hstart,107.67%,5.11%,end
[2J[Hstart,186.41%,5.11%,end
[2J[Hstart,186.41%,5.11%,end
[2J[Hstart,170.84%,5.11%,end
[2J[Hstart,170.84%,5.11%,end
[2J[Hstart,163.44%,5.11%,end
[2J[Hstart,163.44%,5.11%,end
[2J[Hstart,155.36%,5.11%,end
[2J[Hstart,155.36%,5.11%,end
[2J[Hstart,161.76%,5.11%,end
[2J[Hstart,161.76%,5.11%,end
[2J[Hstart,129.99%,5.11%,end
[2J[Hstart,129.99%,5.11%,end
[2J[Hstart,148.72%,5.11%,end
[2J[Hstart,148.72%,5.11%,end
[2J[Hstart,136.04%,5.11%,end
[2J[Hstart,136.04%,5.11%,end
[2J[Hstart,193.10%,5.11%,end
[2J[Hstart,193.10%,5.11%,end
[2J[Hstart,144.67%,5.11%,end
[2J[Hstart,144.67%,5.11%,end
[2J[Hstart,186.06%,5.11%,end
[2J[Hstart,186.06%,5.11%,end
[2J[Hstart,127.70%,5.12%,end
[2J[Hstart,127.70%,5.12%,end
[2J[Hstart,133.09%,5.11%,end
[2J[Hstart,133.09%,5.11%,end
[2J[Hstart,183.18%,5.11%,end
[2J[Hstart,183.18%,5.11%,end
[2J[Hstart,136.73%,5.11%,end
[2J[Hstart,136.73%,5.11%,end
[2J[Hstart,89.51%,5.12%,end
[2J[Hstart,89.51%,5.12%,end
[2J[Hstart,151.37%,5.11%,end
[2J[Hstart,151.37%,5.11%,end
[2J[Hstart,147.17%,5.11%,end
[2J[Hstart,147.17%,5.11%,end
[2J[Hstart,128.36%,5.11%,end
[2J[Hstart,128.36%,5.11%,end
[2J[Hstart,98.28%,5.12%,end
[2J[Hstart,98.28%,5.12%,end
[2J[Hstart,181.69%,5.11%,end
[2J[Hstart,181.69%,5.11%,end
[2J[Hstart,186.31%,5.12%,end
[2J[Hstart,186.31%,5.12%,end
[2J[Hstart,160.46%,5.12%,end
[2J[Hstart,160.46%,5.12%,end
[2J[Hstart,130.16%,5.12%,end
[2J[Hstart,130.16%,5.12%,end
[2J[Hstart,147.04%,5.12%,end
[2J[Hstart,147.04%,5.12%,end
[2J[Hstart,174.20%,5.12%,end
[2J[Hstart,174.20%,5.12%,end
[2J[Hstart,124.87%,5.12%,end
[2J[Hstart,124.87%,5.12%,end
[2J[Hstart,165.29%,5.12%,end
[2J[Hstart,165.29%,5.12%,end
[2J[Hstart,182.17%,5.12%,end
[2J[Hstart,182.17%,5.12%,end
[2J[Hstart,165.52%,5.12%,end
[2J[Hstart,165.52%,5.12%,end
[2J[Hstart,79.89%,5.13%,end
[2J[Hstart,79.89%,5.13%,end
[2J[Hstart,175.53%,5.12%,end
[2J[Hstart,175.53%,5.12%,end
[2J[Hstart,183.52%,5.12%,end
[2J[Hstart,183.52%,5.12%,end
[2J[Hstart,141.33%,5.12%,end
[2J[Hstart,141.33%,5.12%,end
[2J[Hstart,128.58%,5.13%,end
[2J[Hstart,128.58%,5.13%,end
[2J[Hstart,128.58%,5.13%,end
[2J[Hstart,180.63%,5.12%,end
[2J[Hstart,180.63%,5.12%,end
[2J[Hstart,181.23%,5.12%,end
[2J[Hstart,181.23%,5.12%,end
[2J[Hstart,95.08%,5.12%,end
[2J[Hstart,95.08%,5.12%,end
[2J[Hstart,137.50%,5.12%,end
[2J[Hstart,137.50%,5.12%,end
[2J[Hstart,188.52%,5.12%,end
[2J[Hstart,188.52%,5.12%,end
[2J[Hstart,167.85%,5.12%,end
[2J[Hstart,167.85%,5.12%,end
[2J[Hstart,109.79%,5.13%,end
[2J[Hstart,109.79%,5.13%,end
[2J[Hstart,193.32%,5.12%,end
[2J[Hstart,193.32%,5.12%,end
[2J[Hstart,179.26%,5.12%,end
[2J[Hstart,179.26%,5.12%,end
[2J[Hstart,146.63%,5.12%,end
[2J[Hstart,146.63%,5.12%,end
[2J[Hstart,121.54%,5.13%,end
[2J[Hstart,121.54%,5.13%,end
[2J[Hstart,155.38%,5.12%,end
[2J[Hstart,155.38%,5.12%,end
[2J[Hstart,174.75%,5.12%,end
[2J[Hstart,174.75%,5.12%,end
[2J[Hstart,141.33%,5.12%,end
[2J[Hstart,141.33%,5.12%,end
[2J[Hstart,145.49%,5.13%,end
[2J[Hstart,145.49%,5.13%,end
[2J[Hstart,168.89%,5.12%,end
[2J[Hstart,168.89%,5.12%,end
[2J[Hstart,143.05%,5.12%,end
[2J[Hstart,143.05%,5.12%,end
[2J[Hstart,155.76%,5.12%,end
[2J[Hstart,155.76%,5.12%,end
[2J[Hstart,143.70%,5.13%,end
[2J[Hstart,143.70%,5.13%,end
[2J[Hstart,186.91%,5.12%,end
[2J[Hstart,186.91%,5.12%,end
[2J[Hstart,145.52%,5.12%,end
[2J[Hstart,145.52%,5.12%,end
[2J[Hstart,185.88%,5.12%,end
[2J[Hstart,185.88%,5.12%,end
[2J[Hstart,138.82%,5.12%,end
[2J[Hstart,138.82%,5.12%,end
[2J[Hstart,129.07%,5.12%,end
[2J[Hstart,129.07%,5.12%,end
[2J[Hstart,153.99%,5.12%,end
[2J[Hstart,153.99%,5.12%,end
[2J[Hstart,151.34%,5.12%,end
[2J[Hstart,151.34%,5.12%,end
[2J[Hstart,175.19%,5.12%,end
[2J[Hstart,175.19%,5.12%,end
[2J[Hstart,143.70%,5.12%,end
[2J[Hstart,143.70%,5.12%,end
[2J[Hstart,176.55%,5.12%,end
[2J[Hstart,176.55%,5.12%,end
[2J[Hstart,142.42%,5.13%,end
[2J[Hstart,142.42%,5.13%,end
[2J[Hstart,185.52%,5.12%,end
[2J[Hstart,185.52%,5.12%,end
[2J[Hstart,136.59%,5.12%,end
[2J[Hstart,136.59%,5.12%,end
[2J[Hstart,190.10%,5.12%,end
[2J[Hstart,190.10%,5.12%,end
[2J[Hstart,144.90%,5.12%,end
[2J[Hstart,144.90%,5.12%,end
[2J[Hstart,144.25%,5.12%,end
[2J[Hstart,144.25%,5.12%,end
[2J[Hstart,140.52%,5.12%,end
[2J[Hstart,140.52%,5.12%,end
[2J[Hstart,161.95%,5.12%,end
[2J[Hstart,161.95%,5.12%,end
[2J[Hstart,165.41%,5.12%,end
[2J[Hstart,165.41%,5.12%,end
[2J[Hstart,146.82%,5.12%,end
[2J[Hstart,146.82%,5.12%,end
[2J[Hstart,180.76%,5.12%,end
[2J[Hstart,180.76%,5.12%,end
[2J[Hstart,147.75%,5.13%,end
[2J[Hstart,147.75%,5.13%,end
[2J[Hstart,129.37%,5.12%,end
[2J[Hstart,129.37%,5.12%,end
[2J[Hstart,123.52%,5.12%,end
[2J[Hstart,123.52%,5.12%,end
[2J[Hstart,181.57%,5.12%,end
[2J[Hstart,181.57%,5.12%,end
[2J[Hstart,141.55%,5.12%,end
[2J[Hstart,141.55%,5.12%,end
[2J[Hstart,172.54%,5.12%,end
[2J[Hstart,172.54%,5.12%,end
[2J[Hstart,155.46%,5.12%,end
[2J[Hstart,155.46%,5.12%,end
[2J[Hstart,150.16%,5.12%,end
[2J[Hstart,150.16%,5.12%,end
[2J[Hstart,123.24%,5.12%,end
[2J[Hstart,123.24%,5.12%,end
[2J[Hstart,175.19%,5.12%,end
[2J[Hstart,175.19%,5.12%,end
[2J[Hstart,149.79%,5.12%,end
[2J[Hstart,149.79%,5.12%,end
[2J[Hstart,142.68%,5.12%,end
[2J[Hstart,142.68%,5.12%,end
[2J[Hstart,178.20%,5.12%,end
[2J[Hstart,178.20%,5.12%,end
[2J[Hstart,172.31%,5.12%,end
[2J[Hstart,172.31%,5.12%,end
[2J[Hstart,144.51%,5.12%,end
[2J[Hstart,144.51%,5.12%,end
[2J[Hstart,112.46%,5.13%,end
[2J[Hstart,112.46%,5.13%,end
[2J[Hstart,184.62%,5.12%,end
[2J[Hstart,184.62%,5.12%,end
[2J[Hstart,140.80%,5.12%,end
[2J[Hstart,140.80%,5.12%,end
[2J[Hstart,166.29%,5.12%,end
[2J[Hstart,166.29%,5.12%,end
[2J[Hstart,154.67%,5.12%,end
[2J[Hstart,154.67%,5.12%,end
[2J[Hstart,175.06%,5.12%,end
[2J[Hstart,175.06%,5.12%,end
[2J[Hstart,140.84%,5.12%,end
[2J[Hstart,140.84%,5.12%,end
[2J[Hstart,112.48%,5.12%,end
[2J[Hstart,112.48%,5.12%,end
[2J[Hstart,165.39%,5.12%,end
[2J[Hstart,165.39%,5.12%,end
[2J[Hstart,148.37%,5.12%,end
[2J[Hstart,148.37%,5.12%,end
[2J[Hstart,176.25%,5.12%,end
[2J[Hstart,176.25%,5.12%,end
[2J[Hstart,151.47%,5.12%,end
[2J[Hstart,151.47%,5.12%,end
[2J[Hstart,186.71%,5.12%,end
[2J[Hstart,186.71%,5.12%,end
[2J[Hstart,148.28%,5.12%,end
[2J[Hstart,148.28%,5.12%,end
[2J[Hstart,177.70%,5.12%,end
[2J[Hstart,177.70%,5.12%,end
[2J[Hstart,123.78%,5.13%,end
[2J[Hstart,123.78%,5.13%,end
[2J[Hstart,161.03%,5.12%,end
[2J[Hstart,161.03%,5.12%,end
[2J[Hstart,150.14%,5.12%,end
[2J[Hstart,150.14%,5.12%,end
[2J[Hstart,163.16%,5.12%,end
[2J[Hstart,163.16%,5.12%,end
[2J[Hstart,153.37%,5.12%,end
[2J[Hstart,153.37%,5.12%,end
[2J[Hstart,123.03%,5.12%,end
[2J[Hstart,123.03%,5.12%,end
[2J[Hstart,164.08%,5.12%,end
[2J[Hstart,164.08%,5.12%,end
[2J[Hstart,134.24%,5.12%,end
[2J[Hstart,134.24%,5.12%,end
[2J[Hstart,167.93%,5.13%,end
[2J[Hstart,167.93%,5.13%,end
[2J[Hstart,142.39%,5.12%,end
[2J[Hstart,142.39%,5.12%,end
[2J[Hstart,185.80%,5.12%,end
[2J[Hstart,185.80%,5.12%,end
[2J[Hstart,147.96%,5.12%,end
[2J[Hstart,147.96%,5.12%,end
[2J[Hstart,147.96%,5.12%,end
[2J[Hstart,139.30%,5.13%,end
[2J[Hstart,139.30%,5.13%,end
[2J[Hstart,161.00%,5.12%,end
[2J[Hstart,161.00%,5.12%,end
[2J[Hstart,173.12%,5.12%,end
[2J[Hstart,173.12%,5.12%,end
[2J[Hstart,158.66%,5.12%,end
[2J[Hstart,158.66%,5.12%,end
[2J[Hstart,147.30%,5.13%,end
[2J[Hstart,147.30%,5.13%,end
[2J[Hstart,180.35%,5.12%,end
[2J[Hstart,180.35%,5.12%,end
[2J[Hstart,132.59%,5.12%,end
[2J[Hstart,132.59%,5.12%,end
[2J[Hstart,161.10%,5.12%,end
[2J[Hstart,161.10%,5.12%,end
[2J[Hstart,144.61%,5.13%,end
[2J[Hstart,144.61%,5.13%,end
[2J[Hstart,184.40%,5.12%,end
[2J[Hstart,184.40%,5.12%,end
[2J[Hstart,141.64%,5.12%,end
[2J[Hstart,141.64%,5.12%,end
[2J[Hstart,171.86%,5.12%,end
[2J[Hstart,171.86%,5.12%,end
[2J[Hstart,121.68%,5.13%,end
[2J[Hstart,121.68%,5.13%,end
[2J[Hstart,185.14%,5.12%,end
[2J[Hstart,185.14%,5.12%,end
[2J[Hstart,140.07%,5.12%,end
[2J[Hstart,140.07%,5.12%,end
[2J[Hstart,166.06%,5.12%,end
[2J[Hstart,166.06%,5.12%,end
[2J[Hstart,168.04%,5.12%,end
[2J[Hstart,168.04%,5.12%,end
[2J[Hstart,157.47%,5.12%,end
[2J[Hstart,157.47%,5.12%,end
[2J[Hstart,142.35%,5.12%,end
[2J[Hstart,142.35%,5.12%,end
[2J[Hstart,137.83%,5.13%,end
[2J[Hstart,137.83%,5.13%,end
[2J[Hstart,183.91%,5.12%,end
[2J[Hstart,183.91%,5.12%,end
[2J[Hstart,101.70%,5.12%,end
[2J[Hstart,101.70%,5.12%,end
[2J[Hstart,159.95%,5.12%,end
[2J[Hstart,159.95%,5.12%,end
[2J[Hstart,155.78%,5.12%,end
[2J[Hstart,155.78%,5.12%,end
[2J[Hstart,167.33%,5.12%,end
[2J[Hstart,167.33%,5.12%,end
[2J[Hstart,132.95%,5.12%,end
[2J[Hstart,132.95%,5.12%,end
[2J[Hstart,149.35%,5.12%,end
[2J[Hstart,149.35%,5.12%,end
[2J[Hstart,168.57%,5.12%,end
[2J[Hstart,168.57%,5.12%,end
[2J[Hstart,176.53%,5.12%,end
[2J[Hstart,176.53%,5.12%,end
[2J[Hstart,153.22%,5.12%,end
[2J[Hstart,153.22%,5.12%,end
[2J[Hstart,122.44%,5.13%,end
[2J[Hstart,122.44%,5.13%,end
[2J[Hstart,175.36%,5.12%,end
[2J[Hstart,175.36%,5.12%,end
[2J[Hstart,143.33%,5.12%,end
[2J[Hstart,143.33%,5.12%,end
[2J[Hstart,167.53%,5.12%,end
[2J[Hstart,167.53%,5.12%,end
[2J[Hstart,163.70%,5.13%,end
[2J[Hstart,163.70%,5.13%,end
[2J[Hstart,181.61%,5.12%,end
[2J[Hstart,181.61%,5.12%,end
[2J[Hstart,120.87%,5.12%,end
[2J[Hstart,120.87%,5.12%,end
[2J[Hstart,105.40%,5.12%,end
[2J[Hstart,105.40%,5.12%,end
[2J[Hstart,185.11%,5.12%,end
[2J[Hstart,185.11%,5.12%,end
[2J[Hstart,159.14%,5.12%,end
[2J[Hstart,159.14%,5.12%,end
[2J[Hstart,160.80%,5.12%,end
[2J[Hstart,160.80%,5.12%,end
[2J[Hstart,126.30%,5.12%,end
[2J[Hstart,126.30%,5.12%,end
[2J[Hstart,184.03%,5.12%,end
[2J[Hstart,184.03%,5.12%,end
[2J[Hstart,93.82%,5.12%,end
[2J[Hstart,93.82%,5.12%,end
[2J[Hstart,154.28%,5.12%,end
[2J[Hstart,154.28%,5.12%,end
[2J[Hstart,152.64%,5.13%,end
[2J[Hstart,152.64%,5.13%,end
[2J[Hstart,188.58%,5.12%,end
[2J[Hstart,188.58%,5.12%,end
[2J[Hstart,150.67%,5.12%,end
[2J[Hstart,150.67%,5.12%,end
[2J[Hstart,143.35%,5.12%,end
[2J[Hstart,143.35%,5.12%,end
[2J[Hstart,181.39%,5.12%,end
[2J[Hstart,181.39%,5.12%,end
[2J[Hstart,124.43%,5.12%,end
[2J[Hstart,124.43%,5.12%,end
[2J[Hstart,139.67%,5.12%,end
[2J[Hstart,139.67%,5.12%,end
[2J[Hstart,101.90%,5.13%,end
[2J[Hstart,101.90%,5.13%,end
[2J[Hstart,182.39%,5.12%,end
[2J[Hstart,182.39%,5.12%,end
[2J[Hstart,163.98%,5.12%,end
[2J[Hstart,163.98%,5.12%,end
[2J[Hstart,162.64%,5.12%,end
[2J[Hstart,162.64%,5.12%,end
[2J[Hstart,161.24%,5.12%,end
[2J[Hstart,161.24%,5.12%,end
[2J[Hstart,147.40%,5.12%,end
[2J[Hstart,147.40%,5.12%,end
[2J[Hstart,133.98%,5.12%,end
[2J[Hstart,133.98%,5.12%,end
[2J[Hstart,175.22%,5.12%,end
[2J[Hstart,175.22%,5.12%,end
[2J[Hstart,133.57%,5.13%,end
[2J[Hstart,133.57%,5.13%,end
[2J[Hstart,162.71%,5.12%,end
[2J[Hstart,162.71%,5.12%,end
[2J[Hstart,161.45%,5.12%,end
[2J[Hstart,161.45%,5.12%,end
[2J[Hstart,151.79%,5.13%,end
[2J[Hstart,151.79%,5.13%,end
[2J[Hstart,148.13%,5.12%,end
[2J[Hstart,148.13%,5.12%,end
[2J[Hstart,145.67%,5.12%,end
[2J[Hstart,145.67%,5.12%,end
[2J[Hstart,177.70%,5.12%,end
[2J[Hstart,177.70%,5.12%,end
[2J[Hstart,158.09%,5.12%,end
[2J[Hstart,158.09%,5.12%,end
[2J[Hstart,168.04%,5.12%,end
[2J[Hstart,168.04%,5.12%,end
[2J[Hstart,84.91%,5.12%,end
[2J[Hstart,84.91%,5.12%,end
[2J[Hstart,166.36%,5.12%,end
[2J[Hstart,166.36%,5.12%,end
[2J[Hstart,140.56%,5.14%,end
[2J[Hstart,140.56%,5.14%,end
[2J[Hstart,173.63%,5.12%,end
[2J[Hstart,173.63%,5.12%,end
[2J[Hstart,162.08%,5.12%,end
[2J[Hstart,162.08%,5.12%,end
[2J[Hstart,182.84%,5.12%,end
[2J[Hstart,182.84%,5.12%,end
[2J[Hstart,123.08%,5.12%,end
[2J[Hstart,123.08%,5.12%,end
[2J[Hstart,135.05%,5.12%,end
[2J[Hstart,135.05%,5.12%,end
[2J[Hstart,184.08%,5.12%,end
[2J[Hstart,184.08%,5.12%,end
[2J[Hstart,160.19%,5.12%,end
[2J[Hstart,160.19%,5.12%,end
[2J[Hstart,195.65%,5.12%,end
[2J[Hstart,195.65%,5.12%,end
[2J[Hstart,145.28%,5.12%,end
[2J[Hstart,145.28%,5.12%,end
[2J[Hstart,167.44%,5.12%,end
[2J[Hstart,167.44%,5.12%,end
[2J[Hstart,101.01%,5.13%,end
[2J[Hstart,101.01%,5.13%,end
[2J[Hstart,122.43%,5.12%,end
[2J[Hstart,122.43%,5.12%,end
[2J[Hstart,150.62%,5.12%,end
[2J[Hstart,150.62%,5.12%,end
[2J[Hstart,182.76%,5.12%,end
[2J[Hstart,182.76%,5.12%,end
[2J[Hstart,136.59%,5.13%,end
[2J[Hstart,136.59%,5.13%,end
[2J[Hstart,126.41%,5.12%,end
[2J[Hstart,126.41%,5.12%,end
[2J[Hstart,162.27%,5.12%,end
[2J[Hstart,162.27%,5.12%,end
[2J[Hstart,149.45%,5.12%,end
[2J[Hstart,149.45%,5.12%,end
[2J[Hstart,167.10%,5.14%,end
[2J[Hstart,167.10%,5.14%,end
[2J[Hstart,168.61%,5.12%,end
[2J[Hstart,168.61%,5.12%,end
[2J[Hstart,177.38%,5.12%,end
[2J[Hstart,177.38%,5.12%,end
[2J[Hstart,128.86%,5.12%,end
[2J[Hstart,128.86%,5.12%,end
[2J[Hstart,111.04%,5.14%,end
[2J[Hstart,111.04%,5.14%,end
[2J[Hstart,179.50%,5.12%,end
[2J[Hstart,179.50%,5.12%,end
[2J[Hstart,180.24%,5.12%,end
[2J[Hstart,180.24%,5.12%,end
[2J[Hstart,143.27%,5.12%,end
[2J[Hstart,143.27%,5.12%,end
[2J[Hstart,143.27%,5.12%,end
[2J[Hstart,152.92%,5.12%,end
[2J[Hstart,152.92%,5.12%,end
[2J[Hstart,175.67%,5.12%,end
[2J[Hstart,175.67%,5.12%,end
[2J[Hstart,146.31%,5.12%,end
[2J[Hstart,146.31%,5.12%,end
[2J[Hstart,134.10%,5.12%,end
[2J[Hstart,134.10%,5.12%,end
[2J[Hstart,171.78%,5.13%,end
[2J[Hstart,171.78%,5.13%,end
[2J[Hstart,179.54%,5.13%,end
[2J[Hstart,179.54%,5.13%,end
[2J[Hstart,140.50%,5.12%,end
[2J[Hstart,140.50%,5.12%,end
[2J[Hstart,135.47%,5.14%,end
[2J[Hstart,135.47%,5.14%,end
[2J[Hstart,192.94%,5.12%,end
[2J[Hstart,192.94%,5.12%,end
[2J[Hstart,130.44%,5.12%,end
[2J[Hstart,130.44%,5.12%,end
[2J[Hstart,150.75%,5.12%,end
[2J[Hstart,150.75%,5.12%,end
[2J[Hstart,126.93%,5.14%,end
[2J[Hstart,126.93%,5.14%,end
[2J[Hstart,183.50%,5.12%,end
[2J[Hstart,183.50%,5.12%,end
[2J[Hstart,146.69%,5.12%,end
[2J[Hstart,146.69%,5.12%,end
[2J[Hstart,168.08%,5.12%,end
[2J[Hstart,168.08%,5.12%,end
[2J[Hstart,134.89%,5.12%,end
[2J[Hstart,134.89%,5.12%,end
[2J[Hstart,137.45%,5.12%,end
[2J[Hstart,137.45%,5.12%,end
[2J[Hstart,133.94%,5.12%,end
[2J[Hstart,133.94%,5.12%,end
[2J[Hstart,171.87%,5.12%,end
[2J[Hstart,171.87%,5.12%,end
[2J[Hstart,170.30%,5.12%,end
[2J[Hstart,170.30%,5.12%,end
[2J[Hstart,159.47%,5.12%,end
[2J[Hstart,159.47%,5.12%,end
[2J[Hstart,164.64%,5.12%,end
[2J[Hstart,164.64%,5.12%,end
[2J[Hstart,91.93%,5.12%,end
[2J[Hstart,91.93%,5.12%,end
[2J[Hstart,155.98%,5.12%,end
[2J[Hstart,155.98%,5.12%,end
[2J[Hstart,157.01%,5.12%,end
[2J[Hstart,157.01%,5.12%,end
[2J[Hstart,191.79%,5.12%,end
[2J[Hstart,191.79%,5.12%,end
[2J[Hstart,191.54%,5.12%,end
[2J[Hstart,191.54%,5.12%,end
[2J[Hstart,106.45%,5.12%,end
[2J[Hstart,106.45%,5.12%,end
[2J[Hstart,166.71%,5.14%,end
[2J[Hstart,166.71%,5.14%,end
[2J[Hstart,152.58%,5.12%,end
[2J[Hstart,152.58%,5.12%,end
[2J[Hstart,138.99%,5.12%,end
[2J[Hstart,138.99%,5.12%,end
[2J[Hstart,158.44%,5.12%,end
[2J[Hstart,158.44%,5.12%,end
[2J[Hstart,138.12%,5.14%,end
[2J[Hstart,138.12%,5.14%,end
[2J[Hstart,182.19%,5.12%,end
[2J[Hstart,182.19%,5.12%,end
[2J[Hstart,180.80%,5.12%,end
[2J[Hstart,180.80%,5.12%,end
[2J[Hstart,130.06%,5.12%,end
[2J[Hstart,130.06%,5.12%,end
[2J[Hstart,164.27%,5.12%,end
[2J[Hstart,164.27%,5.12%,end
[2J[Hstart,164.89%,5.12%,end
[2J[Hstart,164.89%,5.12%,end
[2J[Hstart,181.75%,5.12%,end
[2J[Hstart,181.75%,5.12%,end
[2J[Hstart,103.40%,5.14%,end
[2J[Hstart,103.40%,5.14%,end
[2J[Hstart,185.99%,5.12%,end
[2J[Hstart,185.99%,5.12%,end
[2J[Hstart,178.26%,5.12%,end
[2J[Hstart,178.26%,5.12%,end
[2J[Hstart,152.22%,5.12%,end
[2J[Hstart,152.22%,5.12%,end
[2J[Hstart,66.28%,5.13%,end
[2J[Hstart,66.28%,5.13%,end
[2J[Hstart,184.98%,5.13%,end
[2J[Hstart,184.98%,5.13%,end
[2J[Hstart,180.54%,5.13%,end
[2J[Hstart,180.54%,5.13%,end
[2J[Hstart,123.77%,5.12%,end
[2J[Hstart,123.77%,5.12%,end
[2J[Hstart,140.82%,5.14%,end
[2J[Hstart,140.82%,5.14%,end
[2J[Hstart,177.98%,5.12%,end
[2J[Hstart,177.98%,5.12%,end
[2J[Hstart,187.94%,5.12%,end
[2J[Hstart,187.94%,5.12%,end
[2J[Hstart,92.30%,5.12%,end
[2J[Hstart,92.30%,5.12%,end
[2J[Hstart,146.65%,5.12%,end
[2J[Hstart,146.65%,5.12%,end
[2J[Hstart,183.54%,5.14%,end
[2J[Hstart,183.54%,5.14%,end
[2J[Hstart,150.97%,5.14%,end
[2J[Hstart,150.97%,5.14%,end
[2J[Hstart,169.68%,5.14%,end
[2J[Hstart,169.68%,5.14%,end
[2J[Hstart,153.50%,5.14%,end
[2J[Hstart,153.50%,5.14%,end
[2J[Hstart,170.82%,5.14%,end
[2J[Hstart,170.82%,5.14%,end
[2J[Hstart,118.53%,5.14%,end
[2J[Hstart,118.53%,5.14%,end
[2J[Hstart,143.37%,5.14%,end
[2J[Hstart,143.37%,5.14%,end
[2J[Hstart,184.70%,5.14%,end
[2J[Hstart,184.70%,5.14%,end
[2J[Hstart,150.07%,5.14%,end
[2J[Hstart,150.07%,5.14%,end
[2J[Hstart,162.63%,5.14%,end
[2J[Hstart,162.63%,5.14%,end
[2J[Hstart,136.08%,5.14%,end
[2J[Hstart,136.08%,5.14%,end
[2J[Hstart,154.17%,5.15%,end
[2J[Hstart,154.17%,5.15%,end
[2J[Hstart,132.41%,5.16%,end
[2J[Hstart,132.41%,5.16%,end
[2J[Hstart,161.85%,5.15%,end
[2J[Hstart,161.85%,5.15%,end
[2J[Hstart,176.78%,5.15%,end
[2J[Hstart,176.78%,5.15%,end
[2J[Hstart,204.88%,5.15%,end
[2J[Hstart,204.88%,5.15%,end
[2J[Hstart,161.65%,5.15%,end
[2J[Hstart,161.65%,5.15%,end
[2J[Hstart,135.75%,5.15%,end
[2J[Hstart,135.75%,5.15%,end
[2J[Hstart,157.22%,5.15%,end
[2J[Hstart,157.22%,5.15%,end
[2J[Hstart,146.39%,5.15%,end
[2J[Hstart,146.39%,5.15%,end
[2J[Hstart,140.92%,5.15%,end
[2J[Hstart,140.92%,5.15%,end
[2J[Hstart,150.13%,5.15%,end
[2J[Hstart,150.13%,5.15%,end
[2J[Hstart,191.09%,5.15%,end
[2J[Hstart,191.09%,5.15%,end
[2J[Hstart,107.65%,5.14%,end
[2J[Hstart,107.65%,5.14%,end
[2J[Hstart,107.65%,5.14%,end
[2J[Hstart,116.27%,5.14%,end
[2J[Hstart,116.27%,5.14%,end
[2J[Hstart,143.62%,5.14%,end
[2J[Hstart,143.62%,5.14%,end
[2J[Hstart,175.20%,5.14%,end
[2J[Hstart,175.20%,5.14%,end
[2J[Hstart,137.47%,5.14%,end
[2J[Hstart,137.47%,5.14%,end
[2J[Hstart,150.78%,5.14%,end
[2J[Hstart,150.78%,5.14%,end
[2J[Hstart,190.22%,5.14%,end
[2J[Hstart,190.22%,5.14%,end
[2J[Hstart,141.27%,5.14%,end
[2J[Hstart,141.27%,5.14%,end
[2J[Hstart,121.24%,5.14%,end
[2J[Hstart,121.24%,5.14%,end
[2J[Hstart,172.74%,5.14%,end
[2J[Hstart,172.74%,5.14%,end
[2J[Hstart,172.66%,5.14%,end
[2J[Hstart,172.66%,5.14%,end
[2J[Hstart,159.43%,5.14%,end
[2J[Hstart,159.43%,5.14%,end
[2J[Hstart,167.47%,5.14%,end
[2J[Hstart,167.47%,5.14%,end
[2J[Hstart,165.01%,5.14%,end
[2J[Hstart,165.01%,5.14%,end
[2J[Hstart,116.06%,5.14%,end
[2J[Hstart,116.06%,5.14%,end
[2J[Hstart,182.82%,5.14%,end
[2J[Hstart,182.82%,5.14%,end
[2J[Hstart,152.58%,5.15%,end
[2J[Hstart,152.58%,5.15%,end
[2J[Hstart,186.22%,5.14%,end
[2J[Hstart,186.22%,5.14%,end
[2J[Hstart,153.10%,5.14%,end
[2J[Hstart,153.10%,5.14%,end
[2J[Hstart,178.13%,5.14%,end
[2J[Hstart,178.13%,5.14%,end
[2J[Hstart,109.82%,5.15%,end
[2J[Hstart,109.82%,5.15%,end
[2J[Hstart,162.86%,5.14%,end
[2J[Hstart,162.86%,5.14%,end
[2J[Hstart,164.97%,5.14%,end
[2J[Hstart,164.97%,5.14%,end
[2J[Hstart,184.23%,5.14%,end
[2J[Hstart,184.23%,5.14%,end
[2J[Hstart,184.23%,5.14%,end
[2J[Hstart,138.92%,5.14%,end
[2J[Hstart,138.92%,5.14%,end
[2J[Hstart,137.78%,5.14%,end
[2J[Hstart,137.78%,5.14%,end
[2J[Hstart,187.07%,5.14%,end
[2J[Hstart,187.07%,5.14%,end
[2J[Hstart,122.20%,5.14%,end
[2J[Hstart,122.20%,5.14%,end
[2J[Hstart,160.74%,5.14%,end
[2J[Hstart,160.74%,5.14%,end
[2J[Hstart,154.94%,5.14%,end
[2J[Hstart,154.94%,5.14%,end
[2J[Hstart,188.27%,5.14%,end
[2J[Hstart,188.27%,5.14%,end
[2J[Hstart,154.34%,5.15%,end
[2J[Hstart,154.34%,5.15%,end
[2J[Hstart,113.80%,5.14%,end
[2J[Hstart,113.80%,5.14%,end
[2J[Hstart,149.97%,5.14%,end
[2J[Hstart,149.97%,5.14%,end
[2J[Hstart,174.21%,5.14%,end
[2J[Hstart,174.21%,5.14%,end
[2J[Hstart,199.59%,5.14%,end
[2J[Hstart,199.59%,5.14%,end
[2J[Hstart,140.80%,5.15%,end
[2J[Hstart,140.80%,5.15%,end
[2J[Hstart,136.45%,5.14%,end
[2J[Hstart,136.45%,5.14%,end
[2J[Hstart,142.26%,5.14%,end
[2J[Hstart,142.26%,5.14%,end
[2J[Hstart,95.62%,5.14%,end
[2J[Hstart,95.62%,5.14%,end
[2J[Hstart,180.28%,5.14%,end
[2J[Hstart,180.28%,5.14%,end
[2J[Hstart,100.29%,5.16%,end
[2J[Hstart,100.29%,5.16%,end
[2J[Hstart,173.87%,5.14%,end
[2J[Hstart,173.87%,5.14%,end
[2J[Hstart,169.46%,5.14%,end
[2J[Hstart,169.46%,5.14%,end
[2J[Hstart,184.36%,5.14%,end
[2J[Hstart,184.36%,5.14%,end
[2J[Hstart,184.36%,5.14%,end
[2J[Hstart,120.69%,5.14%,end
[2J[Hstart,120.69%,5.14%,end
[2J[Hstart,143.22%,5.14%,end
[2J[Hstart,143.22%,5.14%,end
[2J[Hstart,178.08%,5.14%,end
[2J[Hstart,178.08%,5.14%,end
[2J[Hstart,165.87%,5.14%,end
[2J[Hstart,165.87%,5.14%,end
[2J[Hstart,138.49%,5.14%,end
[2J[Hstart,138.49%,5.14%,end
[2J[Hstart,180.99%,5.14%,end
[2J[Hstart,180.99%,5.14%,end
[2J[Hstart,175.35%,5.14%,end
