[2J[Hstart,1.15%,0.16%,end
[2J[Hstart,1.15%,0.16%,end
[2J[Hstart,0.45%,0.16%,end
[2J[Hstart,0.45%,0.16%,end
[2J[Hstart,2.16%,0.16%,end
[2J[Hstart,2.16%,0.16%,end
[2J[Hstart,0.84%,0.17%,end
[2J[Hstart,0.84%,0.17%,end
[2J[Hstart,1.12%,0.18%,end
[2J[Hstart,1.12%,0.18%,end
[2J[Hstart,2.78%,0.19%,end
[2J[Hstart,2.78%,0.19%,end
[2J[Hstart,3.89%,0.19%,end
[2J[Hstart,3.89%,0.19%,end
[2J[Hstart,2.17%,0.20%,end
[2J[Hstart,2.17%,0.20%,end
[2J[Hstart,1.03%,0.21%,end
[2J[Hstart,1.03%,0.21%,end
[2J[Hstart,36.13%,0.25%,end
[2J[Hstart,36.13%,0.25%,end
[2J[Hstart,4.37%,0.27%,end
[2J[Hstart,4.37%,0.27%,end
[2J[Hstart,5.17%,0.29%,end
[2J[Hstart,5.17%,0.29%,end
[2J[Hstart,2.35%,0.29%,end
[2J[Hstart,2.35%,0.29%,end
[2J[Hstart,9.16%,0.33%,end
[2J[Hstart,9.16%,0.33%,end
[2J[Hstart,9.52%,0.39%,end
[2J[Hstart,9.52%,0.39%,end
[2J[Hstart,27.19%,0.46%,end
[2J[Hstart,27.19%,0.46%,end
[2J[Hstart,5.73%,0.46%,end
[2J[Hstart,5.73%,0.46%,end
[2J[Hstart,0.54%,0.46%,end
[2J[Hstart,0.54%,0.46%,end
[2J[Hstart,0.81%,0.46%,end
[2J[Hstart,0.81%,0.46%,end
[2J[Hstart,1.97%,0.47%,end
[2J[Hstart,1.97%,0.47%,end
[2J[Hstart,1.10%,0.47%,end
[2J[Hstart,1.10%,0.47%,end
[2J[Hstart,4.02%,0.48%,end
[2J[Hstart,4.02%,0.48%,end
[2J[Hstart,4.02%,0.48%,end
[2J[Hstart,0.48%,0.48%,end
[2J[Hstart,0.48%,0.48%,end
[2J[Hstart,4.05%,0.48%,end
[2J[Hstart,4.05%,0.48%,end
[2J[Hstart,0.65%,0.48%,end
[2J[Hstart,0.65%,0.48%,end
[2J[Hstart,0.71%,0.49%,end
[2J[Hstart,0.71%,0.49%,end
[2J[Hstart,3.14%,0.49%,end
[2J[Hstart,3.14%,0.49%,end
[2J[Hstart,1.45%,0.49%,end
[2J[Hstart,1.45%,0.49%,end
[2J[Hstart,1.72%,0.50%,end
[2J[Hstart,1.72%,0.50%,end
[2J[Hstart,4.91%,0.53%,end
[2J[Hstart,4.91%,0.53%,end
[2J[Hstart,5.04%,0.55%,end
[2J[Hstart,5.04%,0.55%,end
[2J[Hstart,14.10%,0.60%,end
[2J[Hstart,14.10%,0.60%,end
[2J[Hstart,10.67%,0.65%,end
[2J[Hstart,10.67%,0.65%,end
[2J[Hstart,6.70%,0.67%,end
[2J[Hstart,6.70%,0.67%,end
[2J[Hstart,6.70%,0.67%,end
[2J[Hstart,2.59%,0.67%,end
[2J[Hstart,2.59%,0.67%,end
[2J[Hstart,0.38%,0.68%,end
[2J[Hstart,0.38%,0.68%,end
[2J[Hstart,0.78%,0.68%,end
[2J[Hstart,0.78%,0.68%,end
[2J[Hstart,3.66%,0.72%,end
[2J[Hstart,3.66%,0.72%,end
[2J[Hstart,4.62%,0.72%,end
[2J[Hstart,4.62%,0.72%,end
[2J[Hstart,0.68%,0.71%,end
[2J[Hstart,0.68%,0.71%,end
[2J[Hstart,0.68%,0.71%,end
[2J[Hstart,1.02%,0.72%,end
[2J[Hstart,1.02%,0.72%,end
[2J[Hstart,7.30%,0.72%,end
[2J[Hstart,7.30%,0.72%,end
[2J[Hstart,0.56%,0.72%,end
[2J[Hstart,0.56%,0.72%,end
[2J[Hstart,0.98%,0.72%,end
[2J[Hstart,0.98%,0.72%,end
[2J[Hstart,3.80%,0.72%,end
[2J[Hstart,3.80%,0.72%,end
[2J[Hstart,0.72%,0.73%,end
[2J[Hstart,0.72%,0.73%,end
[2J[Hstart,0.97%,0.73%,end
[2J[Hstart,0.97%,0.73%,end
[2J[Hstart,6.80%,0.85%,end
[2J[Hstart,6.80%,0.85%,end
[2J[Hstart,6.01%,0.86%,end
[2J[Hstart,6.01%,0.86%,end
[2J[Hstart,0.69%,0.86%,end
[2J[Hstart,0.69%,0.86%,end
[2J[Hstart,0.46%,0.87%,end
[2J[Hstart,0.46%,0.87%,end
[2J[Hstart,3.71%,0.87%,end
[2J[Hstart,3.71%,0.87%,end
[2J[Hstart,0.73%,0.88%,end
[2J[Hstart,0.73%,0.88%,end
[2J[Hstart,0.34%,0.88%,end
[2J[Hstart,0.34%,0.88%,end
[2J[Hstart,0.40%,0.88%,end
[2J[Hstart,0.40%,0.88%,end
[2J[Hstart,1.12%,0.88%,end
[2J[Hstart,1.12%,0.88%,end
[2J[Hstart,0.51%,0.88%,end
[2J[Hstart,0.51%,0.88%,end
[2J[Hstart,7.37%,0.91%,end
[2J[Hstart,7.37%,0.91%,end
[2J[Hstart,9.24%,0.94%,end
[2J[Hstart,9.24%,0.94%,end
[2J[Hstart,2.40%,0.94%,end
[2J[Hstart,2.40%,0.94%,end
[2J[Hstart,4.50%,0.95%,end
[2J[Hstart,4.50%,0.95%,end
[2J[Hstart,4.50%,0.95%,end
[2J[Hstart,0.34%,0.96%,end
[2J[Hstart,0.34%,0.96%,end
[2J[Hstart,0.85%,0.96%,end
[2J[Hstart,0.85%,0.96%,end
[2J[Hstart,6.15%,0.98%,end
[2J[Hstart,6.15%,0.98%,end
[2J[Hstart,3.62%,0.99%,end
[2J[Hstart,3.62%,0.99%,end
[2J[Hstart,4.68%,1.00%,end
[2J[Hstart,4.68%,1.00%,end
[2J[Hstart,0.24%,1.00%,end
[2J[Hstart,0.24%,1.00%,end
[2J[Hstart,0.72%,1.00%,end
[2J[Hstart,0.72%,1.00%,end
[2J[Hstart,1.09%,1.00%,end
[2J[Hstart,1.09%,1.00%,end
[2J[Hstart,1.72%,1.01%,end
[2J[Hstart,1.72%,1.01%,end
[2J[Hstart,2.64%,1.02%,end
[2J[Hstart,2.64%,1.02%,end
[2J[Hstart,2.04%,1.02%,end
[2J[Hstart,2.04%,1.02%,end
[2J[Hstart,7.15%,1.03%,end
[2J[Hstart,7.15%,1.03%,end
[2J[Hstart,1.24%,1.03%,end
[2J[Hstart,1.24%,1.03%,end
[2J[Hstart,15.48%,1.08%,end
[2J[Hstart,15.48%,1.08%,end
[2J[Hstart,12.37%,1.13%,end
[2J[Hstart,12.37%,1.13%,end
[2J[Hstart,15.67%,1.18%,end
[2J[Hstart,15.67%,1.18%,end
[2J[Hstart,4.01%,1.18%,end
[2J[Hstart,4.01%,1.18%,end
[2J[Hstart,1.14%,1.18%,end
[2J[Hstart,1.14%,1.18%,end
[2J[Hstart,10.49%,1.21%,end
[2J[Hstart,10.49%,1.21%,end
[2J[Hstart,17.32%,1.28%,end
[2J[Hstart,17.32%,1.28%,end
[2J[Hstart,22.72%,1.32%,end
[2J[Hstart,22.72%,1.32%,end
[2J[Hstart,5.32%,1.33%,end
[2J[Hstart,5.32%,1.33%,end
[2J[Hstart,5.32%,1.33%,end
[2J[Hstart,2.32%,1.34%,end
[2J[Hstart,2.32%,1.34%,end
[2J[Hstart,0.57%,1.35%,end
[2J[Hstart,0.57%,1.35%,end
[2J[Hstart,0.65%,1.35%,end
[2J[Hstart,0.65%,1.35%,end
[2J[Hstart,0.57%,1.35%,end
[2J[Hstart,0.57%,1.35%,end
[2J[Hstart,3.64%,1.35%,end
[2J[Hstart,3.64%,1.35%,end
[2J[Hstart,12.66%,1.39%,end
[2J[Hstart,12.66%,1.39%,end
[2J[Hstart,10.73%,1.41%,end
[2J[Hstart,10.73%,1.41%,end
[2J[Hstart,23.28%,1.46%,end
[2J[Hstart,23.28%,1.46%,end
[2J[Hstart,55.17%,1.48%,end
[2J[Hstart,55.17%,1.48%,end
[2J[Hstart,17.18%,1.49%,end
[2J[Hstart,17.18%,1.49%,end
[2J[Hstart,4.54%,1.51%,end
[2J[Hstart,4.54%,1.51%,end
[2J[Hstart,0.98%,1.52%,end
[2J[Hstart,0.98%,1.52%,end
[2J[Hstart,0.25%,1.52%,end
[2J[Hstart,0.25%,1.52%,end
[2J[Hstart,17.91%,1.53%,end
[2J[Hstart,17.91%,1.53%,end
[2J[Hstart,35.19%,1.58%,end
[2J[Hstart,35.19%,1.58%,end
[2J[Hstart,78.28%,1.68%,end
[2J[Hstart,78.28%,1.68%,end
[2J[Hstart,91.73%,1.81%,end
[2J[Hstart,91.73%,1.81%,end
[2J[Hstart,30.45%,1.84%,end
[2J[Hstart,30.45%,1.84%,end
[2J[Hstart,118.59%,1.90%,end
[2J[Hstart,118.59%,1.90%,end
[2J[Hstart,165.13%,1.90%,end
[2J[Hstart,165.13%,1.90%,end
[2J[Hstart,104.48%,1.94%,end
[2J[Hstart,104.48%,1.94%,end
[2J[Hstart,123.69%,1.95%,end
[2J[Hstart,123.69%,1.95%,end
[2J[Hstart,160.98%,1.95%,end
[2J[Hstart,160.98%,1.95%,end
[2J[Hstart,138.93%,1.95%,end
[2J[Hstart,138.93%,1.95%,end
[2J[Hstart,138.93%,1.95%,end
[2J[Hstart,136.82%,1.95%,end
[2J[Hstart,136.82%,1.95%,end
[2J[Hstart,165.47%,1.95%,end
[2J[Hstart,165.47%,1.95%,end
[2J[Hstart,142.76%,1.95%,end
[2J[Hstart,142.76%,1.95%,end
[2J[Hstart,178.46%,1.95%,end
[2J[Hstart,178.46%,1.95%,end
[2J[Hstart,136.28%,1.95%,end
[2J[Hstart,136.28%,1.95%,end
[2J[Hstart,120.68%,1.95%,end
[2J[Hstart,120.68%,1.95%,end
[2J[Hstart,165.08%,1.95%,end
[2J[Hstart,165.08%,1.95%,end
[2J[Hstart,167.41%,1.95%,end
[2J[Hstart,167.41%,1.95%,end
[2J[Hstart,148.68%,1.95%,end
[2J[Hstart,148.68%,1.95%,end
[2J[Hstart,153.70%,1.95%,end
[2J[Hstart,153.70%,1.95%,end
[2J[Hstart,178.82%,1.95%,end
[2J[Hstart,178.82%,1.95%,end
[2J[Hstart,131.55%,1.95%,end
[2J[Hstart,131.55%,1.95%,end
[2J[Hstart,99.98%,1.95%,end
[2J[Hstart,99.98%,1.95%,end
[2J[Hstart,124.65%,1.96%,end
[2J[Hstart,124.65%,1.96%,end
[2J[Hstart,161.04%,1.96%,end
[2J[Hstart,161.04%,1.96%,end
[2J[Hstart,127.94%,1.96%,end
[2J[Hstart,127.94%,1.96%,end
[2J[Hstart,120.73%,1.96%,end
[2J[Hstart,120.73%,1.96%,end
[2J[Hstart,174.67%,1.96%,end
[2J[Hstart,174.67%,1.96%,end
[2J[Hstart,123.86%,1.96%,end
[2J[Hstart,123.86%,1.96%,end
[2J[Hstart,115.16%,1.96%,end
[2J[Hstart,115.16%,1.96%,end
[2J[Hstart,164.61%,1.96%,end
[2J[Hstart,164.61%,1.96%,end
[2J[Hstart,149.00%,1.96%,end
[2J[Hstart,149.00%,1.96%,end
[2J[Hstart,124.17%,1.96%,end
[2J[Hstart,124.17%,1.96%,end
[2J[Hstart,173.22%,1.96%,end
[2J[Hstart,173.22%,1.96%,end
[2J[Hstart,173.74%,1.96%,end
[2J[Hstart,173.74%,1.96%,end
[2J[Hstart,124.24%,1.96%,end
[2J[Hstart,124.24%,1.96%,end
[2J[Hstart,107.00%,1.96%,end
[2J[Hstart,107.00%,1.96%,end
[2J[Hstart,168.80%,1.96%,end
[2J[Hstart,168.80%,1.96%,end
[2J[Hstart,138.83%,1.96%,end
[2J[Hstart,138.83%,1.96%,end
[2J[Hstart,136.68%,1.96%,end
[2J[Hstart,136.68%,1.96%,end
[2J[Hstart,186.90%,1.96%,end
[2J[Hstart,186.90%,1.96%,end
[2J[Hstart,150.46%,1.96%,end
[2J[Hstart,150.46%,1.96%,end
[2J[Hstart,144.02%,1.96%,end
[2J[Hstart,144.02%,1.96%,end
[2J[Hstart,128.99%,1.96%,end
[2J[Hstart,128.99%,1.96%,end
[2J[Hstart,175.84%,1.96%,end
[2J[Hstart,175.84%,1.96%,end
[2J[Hstart,108.39%,1.96%,end
[2J[Hstart,108.39%,1.96%,end
[2J[Hstart,146.04%,1.96%,end
[2J[Hstart,146.04%,1.96%,end
[2J[Hstart,186.56%,1.96%,end
[2J[Hstart,186.56%,1.96%,end
[2J[Hstart,113.38%,1.96%,end
[2J[Hstart,113.38%,1.96%,end
[2J[Hstart,144.68%,1.96%,end
[2J[Hstart,144.68%,1.96%,end
[2J[Hstart,144.87%,1.96%,end
[2J[Hstart,144.87%,1.96%,end
[2J[Hstart,153.86%,1.97%,end
[2J[Hstart,153.86%,1.97%,end
[2J[Hstart,131.85%,1.96%,end
[2J[Hstart,131.85%,1.96%,end
[2J[Hstart,137.13%,1.96%,end
[2J[Hstart,137.13%,1.96%,end
[2J[Hstart,169.21%,1.96%,end
[2J[Hstart,169.21%,1.96%,end
[2J[Hstart,131.07%,1.96%,end
[2J[Hstart,131.07%,1.96%,end
[2J[Hstart,121.75%,1.96%,end
[2J[Hstart,121.75%,1.96%,end
[2J[Hstart,166.63%,1.96%,end
[2J[Hstart,166.63%,1.96%,end
[2J[Hstart,132.65%,1.96%,end
[2J[Hstart,132.65%,1.96%,end
[2J[Hstart,147.62%,1.96%,end
[2J[Hstart,147.62%,1.96%,end
[2J[Hstart,186.03%,1.96%,end
[2J[Hstart,186.03%,1.96%,end
[2J[Hstart,152.43%,1.97%,end
[2J[Hstart,152.43%,1.97%,end
[2J[Hstart,143.53%,1.96%,end
[2J[Hstart,143.53%,1.96%,end
[2J[Hstart,136.82%,1.96%,end
[2J[Hstart,136.82%,1.96%,end
[2J[Hstart,177.95%,1.96%,end
[2J[Hstart,177.95%,1.96%,end
[2J[Hstart,126.59%,1.96%,end
[2J[Hstart,126.59%,1.96%,end
[2J[Hstart,131.77%,1.96%,end
[2J[Hstart,131.77%,1.96%,end
[2J[Hstart,180.38%,1.96%,end
[2J[Hstart,180.38%,1.96%,end
[2J[Hstart,123.00%,1.96%,end
[2J[Hstart,123.00%,1.96%,end
[2J[Hstart,112.37%,1.96%,end
[2J[Hstart,112.37%,1.96%,end
[2J[Hstart,181.97%,1.96%,end
[2J[Hstart,181.97%,1.96%,end
[2J[Hstart,148.95%,1.97%,end
[2J[Hstart,148.95%,1.97%,end
[2J[Hstart,142.25%,1.96%,end
[2J[Hstart,142.25%,1.96%,end
[2J[Hstart,161.92%,1.96%,end
[2J[Hstart,161.92%,1.96%,end
[2J[Hstart,175.53%,1.96%,end
[2J[Hstart,175.53%,1.96%,end
[2J[Hstart,175.53%,1.96%,end
[2J[Hstart,122.71%,1.96%,end
[2J[Hstart,122.71%,1.96%,end
[2J[Hstart,124.28%,1.96%,end
[2J[Hstart,124.28%,1.96%,end
[2J[Hstart,186.11%,1.96%,end
[2J[Hstart,186.11%,1.96%,end
[2J[Hstart,122.51%,1.96%,end
[2J[Hstart,122.51%,1.96%,end
[2J[Hstart,170.14%,1.96%,end
[2J[Hstart,170.14%,1.96%,end
[2J[Hstart,188.94%,1.96%,end
[2J[Hstart,188.94%,1.96%,end
[2J[Hstart,164.21%,1.96%,end
[2J[Hstart,164.21%,1.96%,end
[2J[Hstart,123.91%,1.96%,end
[2J[Hstart,123.91%,1.96%,end
[2J[Hstart,125.38%,1.96%,end
[2J[Hstart,125.38%,1.96%,end
[2J[Hstart,140.05%,1.96%,end
[2J[Hstart,140.05%,1.96%,end
[2J[Hstart,123.71%,1.96%,end
[2J[Hstart,123.71%,1.96%,end
[2J[Hstart,172.03%,1.96%,end
[2J[Hstart,172.03%,1.96%,end
[2J[Hstart,167.71%,1.96%,end
[2J[Hstart,167.71%,1.96%,end
[2J[Hstart,137.53%,1.96%,end
[2J[Hstart,137.53%,1.96%,end
[2J[Hstart,106.46%,1.96%,end
[2J[Hstart,106.46%,1.96%,end
[2J[Hstart,136.79%,1.96%,end
[2J[Hstart,136.79%,1.96%,end
[2J[Hstart,165.59%,1.96%,end
[2J[Hstart,165.59%,1.96%,end
[2J[Hstart,139.35%,1.96%,end
[2J[Hstart,139.35%,1.96%,end
[2J[Hstart,157.94%,1.96%,end
[2J[Hstart,157.94%,1.96%,end
[2J[Hstart,187.71%,1.96%,end
[2J[Hstart,187.71%,1.96%,end
[2J[Hstart,143.28%,1.96%,end
[2J[Hstart,143.28%,1.96%,end
[2J[Hstart,109.25%,1.96%,end
[2J[Hstart,109.25%,1.96%,end
[2J[Hstart,160.42%,1.96%,end
[2J[Hstart,160.42%,1.96%,end
[2J[Hstart,142.74%,1.96%,end
[2J[Hstart,142.74%,1.96%,end
[2J[Hstart,122.98%,1.96%,end
[2J[Hstart,122.98%,1.96%,end
[2J[Hstart,174.69%,1.96%,end
[2J[Hstart,174.69%,1.96%,end
[2J[Hstart,170.66%,1.96%,end
[2J[Hstart,170.66%,1.96%,end
[2J[Hstart,127.33%,1.96%,end
[2J[Hstart,127.33%,1.96%,end
[2J[Hstart,130.69%,1.96%,end
[2J[Hstart,130.69%,1.96%,end
[2J[Hstart,151.20%,1.96%,end
[2J[Hstart,151.20%,1.96%,end
[2J[Hstart,151.77%,1.96%,end
[2J[Hstart,151.77%,1.96%,end
[2J[Hstart,139.42%,1.96%,end
[2J[Hstart,139.42%,1.96%,end
[2J[Hstart,141.63%,1.96%,end
[2J[Hstart,141.63%,1.96%,end
[2J[Hstart,168.93%,1.96%,end
[2J[Hstart,168.93%,1.96%,end
[2J[Hstart,101.15%,1.98%,end
[2J[Hstart,101.15%,1.98%,end
[2J[Hstart,101.15%,1.98%,end
[2J[Hstart,101.15%,1.98%,end
[2J[Hstart,116.30%,1.96%,end
[2J[Hstart,116.30%,1.96%,end
[2J[Hstart,176.83%,1.96%,end
[2J[Hstart,176.83%,1.96%,end
[2J[Hstart,158.64%,1.96%,end
[2J[Hstart,158.64%,1.96%,end
[2J[Hstart,126.23%,1.96%,end
[2J[Hstart,126.23%,1.96%,end
[2J[Hstart,85.84%,1.96%,end
[2J[Hstart,85.84%,1.96%,end
[2J[Hstart,171.02%,1.97%,end
[2J[Hstart,171.02%,1.97%,end
[2J[Hstart,176.63%,1.96%,end
[2J[Hstart,176.63%,1.96%,end
[2J[Hstart,114.87%,1.96%,end
[2J[Hstart,114.87%,1.96%,end
[2J[Hstart,186.69%,1.96%,end
[2J[Hstart,186.69%,1.96%,end
[2J[Hstart,188.52%,1.96%,end
[2J[Hstart,188.52%,1.96%,end
[2J[Hstart,136.27%,1.96%,end
[2J[Hstart,136.27%,1.96%,end
[2J[Hstart,130.85%,1.96%,end
[2J[Hstart,130.85%,1.96%,end
[2J[Hstart,188.48%,1.96%,end
[2J[Hstart,188.48%,1.96%,end
[2J[Hstart,163.39%,1.96%,end
[2J[Hstart,163.39%,1.96%,end
[2J[Hstart,144.18%,1.96%,end
[2J[Hstart,144.18%,1.96%,end
[2J[Hstart,189.91%,1.96%,end
[2J[Hstart,189.91%,1.96%,end
[2J[Hstart,185.89%,1.96%,end
[2J[Hstart,185.89%,1.96%,end
[2J[Hstart,95.64%,1.96%,end
[2J[Hstart,95.64%,1.96%,end
[2J[Hstart,137.92%,1.96%,end
[2J[Hstart,137.92%,1.96%,end
[2J[Hstart,185.46%,1.96%,end
[2J[Hstart,185.46%,1.96%,end
[2J[Hstart,131.87%,1.96%,end
[2J[Hstart,131.87%,1.96%,end
[2J[Hstart,142.17%,1.96%,end
[2J[Hstart,142.17%,1.96%,end
[2J[Hstart,172.25%,1.96%,end
[2J[Hstart,172.25%,1.96%,end
[2J[Hstart,172.03%,1.96%,end
[2J[Hstart,172.03%,1.96%,end
[2J[Hstart,131.12%,1.97%,end
[2J[Hstart,131.12%,1.97%,end
[2J[Hstart,114.52%,1.96%,end
[2J[Hstart,114.52%,1.96%,end
[2J[Hstart,157.49%,1.96%,end
[2J[Hstart,157.49%,1.96%,end
[2J[Hstart,164.86%,1.96%,end
[2J[Hstart,164.86%,1.96%,end
[2J[Hstart,161.27%,1.96%,end
[2J[Hstart,161.27%,1.96%,end
[2J[Hstart,117.55%,1.97%,end
[2J[Hstart,117.55%,1.97%,end
[2J[Hstart,181.10%,1.96%,end
[2J[Hstart,181.10%,1.96%,end
[2J[Hstart,114.89%,1.96%,end
[2J[Hstart,114.89%,1.96%,end
[2J[Hstart,157.16%,1.96%,end
[2J[Hstart,157.16%,1.96%,end
[2J[Hstart,146.80%,1.97%,end
[2J[Hstart,146.80%,1.97%,end
[2J[Hstart,141.85%,1.96%,end
[2J[Hstart,141.85%,1.96%,end
[2J[Hstart,144.44%,1.96%,end
[2J[Hstart,144.44%,1.96%,end
[2J[Hstart,124.65%,1.96%,end
[2J[Hstart,124.65%,1.96%,end
[2J[Hstart,163.33%,1.96%,end
[2J[Hstart,163.33%,1.96%,end
[2J[Hstart,133.64%,1.96%,end
[2J[Hstart,133.64%,1.96%,end
[2J[Hstart,128.82%,1.98%,end
[2J[Hstart,128.82%,1.98%,end
[2J[Hstart,156.93%,1.96%,end
[2J[Hstart,156.93%,1.96%,end
[2J[Hstart,137.98%,1.96%,end
[2J[Hstart,137.98%,1.96%,end
[2J[Hstart,186.24%,1.97%,end
[2J[Hstart,186.24%,1.97%,end
[2J[Hstart,121.59%,1.97%,end
[2J[Hstart,121.59%,1.97%,end
[2J[Hstart,132.12%,1.96%,end
[2J[Hstart,132.12%,1.96%,end
[2J[Hstart,131.83%,1.96%,end
[2J[Hstart,131.83%,1.96%,end
[2J[Hstart,140.30%,1.96%,end
[2J[Hstart,140.30%,1.96%,end
[2J[Hstart,143.04%,1.96%,end
[2J[Hstart,143.04%,1.96%,end
[2J[Hstart,151.88%,1.96%,end
[2J[Hstart,151.88%,1.96%,end
[2J[Hstart,167.21%,1.96%,end
[2J[Hstart,167.21%,1.96%,end
[2J[Hstart,133.05%,1.96%,end
[2J[Hstart,133.05%,1.96%,end
[2J[Hstart,143.82%,1.96%,end
[2J[Hstart,143.82%,1.96%,end
[2J[Hstart,148.86%,1.96%,end
[2J[Hstart,148.86%,1.96%,end
[2J[Hstart,121.29%,1.96%,end
[2J[Hstart,121.29%,1.96%,end
[2J[Hstart,142.77%,1.97%,end
[2J[Hstart,142.77%,1.97%,end
[2J[Hstart,184.28%,1.96%,end
[2J[Hstart,184.28%,1.96%,end
[2J[Hstart,184.28%,1.96%,end
[2J[Hstart,131.61%,1.96%,end
[2J[Hstart,131.61%,1.96%,end
[2J[Hstart,124.75%,1.96%,end
[2J[Hstart,124.75%,1.96%,end
[2J[Hstart,148.48%,1.96%,end
[2J[Hstart,148.48%,1.96%,end
[2J[Hstart,147.89%,1.96%,end
[2J[Hstart,147.89%,1.96%,end
[2J[Hstart,139.43%,1.96%,end
[2J[Hstart,139.43%,1.96%,end
[2J[Hstart,148.96%,1.96%,end
[2J[Hstart,148.96%,1.96%,end
[2J[Hstart,180.07%,1.96%,end
[2J[Hstart,180.07%,1.96%,end
[2J[Hstart,133.78%,1.96%,end
[2J[Hstart,133.78%,1.96%,end
[2J[Hstart,138.22%,1.96%,end
[2J[Hstart,138.22%,1.96%,end
[2J[Hstart,153.59%,1.96%,end
[2J[Hstart,153.59%,1.96%,end
[2J[Hstart,117.26%,1.96%,end
[2J[Hstart,117.26%,1.96%,end
[2J[Hstart,153.78%,1.96%,end
[2J[Hstart,153.78%,1.96%,end
[2J[Hstart,179.20%,1.96%,end
[2J[Hstart,179.20%,1.96%,end
[2J[Hstart,140.30%,1.96%,end
[2J[Hstart,140.30%,1.96%,end
[2J[Hstart,115.79%,1.96%,end
[2J[Hstart,115.79%,1.96%,end
[2J[Hstart,156.53%,1.96%,end
[2J[Hstart,156.53%,1.96%,end
[2J[Hstart,155.28%,1.96%,end
[2J[Hstart,155.28%,1.96%,end
[2J[Hstart,143.95%,1.96%,end
[2J[Hstart,143.95%,1.96%,end
[2J[Hstart,130.00%,1.96%,end
[2J[Hstart,130.00%,1.96%,end
[2J[Hstart,189.81%,1.96%,end
[2J[Hstart,189.81%,1.96%,end
[2J[Hstart,123.25%,1.97%,end
[2J[Hstart,123.25%,1.97%,end
[2J[Hstart,147.20%,1.96%,end
[2J[Hstart,147.20%,1.96%,end
[2J[Hstart,164.13%,1.97%,end
[2J[Hstart,164.13%,1.97%,end
[2J[Hstart,151.80%,1.96%,end
[2J[Hstart,151.80%,1.96%,end
[2J[Hstart,140.25%,1.96%,end
[2J[Hstart,140.25%,1.96%,end
[2J[Hstart,167.30%,1.96%,end
[2J[Hstart,167.30%,1.96%,end
[2J[Hstart,165.35%,1.96%,end
[2J[Hstart,165.35%,1.96%,end
[2J[Hstart,151.25%,1.96%,end
[2J[Hstart,151.25%,1.96%,end
[2J[Hstart,115.62%,1.96%,end
[2J[Hstart,115.62%,1.96%,end
[2J[Hstart,153.57%,1.96%,end
[2J[Hstart,153.57%,1.96%,end
[2J[Hstart,115.29%,1.96%,end
[2J[Hstart,115.29%,1.96%,end
[2J[Hstart,155.95%,1.96%,end
[2J[Hstart,155.95%,1.96%,end
[2J[Hstart,189.21%,1.96%,end
[2J[Hstart,189.21%,1.96%,end
[2J[Hstart,137.12%,1.96%,end
[2J[Hstart,137.12%,1.96%,end
[2J[Hstart,140.49%,1.96%,end
[2J[Hstart,140.49%,1.96%,end
[2J[Hstart,121.33%,1.96%,end
[2J[Hstart,121.33%,1.96%,end
[2J[Hstart,115.53%,1.96%,end
[2J[Hstart,115.53%,1.96%,end
[2J[Hstart,135.62%,1.96%,end
[2J[Hstart,135.62%,1.96%,end
[2J[Hstart,163.09%,1.97%,end
[2J[Hstart,163.09%,1.97%,end
[2J[Hstart,161.44%,1.96%,end
[2J[Hstart,161.44%,1.96%,end
[2J[Hstart,94.92%,1.98%,end
[2J[Hstart,94.92%,1.98%,end
[2J[Hstart,115.28%,1.96%,end
[2J[Hstart,115.28%,1.96%,end
[2J[Hstart,156.49%,1.96%,end
[2J[Hstart,156.49%,1.96%,end
[2J[Hstart,101.18%,1.96%,end
[2J[Hstart,101.18%,1.96%,end
[2J[Hstart,113.16%,1.96%,end
[2J[Hstart,113.16%,1.96%,end
[2J[Hstart,159.69%,1.96%,end
[2J[Hstart,159.69%,1.96%,end
[2J[Hstart,159.69%,1.96%,end
[2J[Hstart,151.57%,1.96%,end
[2J[Hstart,151.57%,1.96%,end
[2J[Hstart,134.84%,1.96%,end
[2J[Hstart,134.84%,1.96%,end
[2J[Hstart,156.53%,1.96%,end
[2J[Hstart,156.53%,1.96%,end
[2J[Hstart,186.85%,1.96%,end
[2J[Hstart,186.85%,1.96%,end
[2J[Hstart,129.99%,1.96%,end
[2J[Hstart,129.99%,1.96%,end
[2J[Hstart,146.55%,1.96%,end
[2J[Hstart,146.55%,1.96%,end
[2J[Hstart,184.62%,1.96%,end
[2J[Hstart,184.62%,1.96%,end
[2J[Hstart,132.05%,1.96%,end
[2J[Hstart,132.05%,1.96%,end
[2J[Hstart,147.29%,1.96%,end
[2J[Hstart,147.29%,1.96%,end
[2J[Hstart,171.83%,1.96%,end
[2J[Hstart,171.83%,1.96%,end
[2J[Hstart,112.89%,1.96%,end
[2J[Hstart,112.89%,1.96%,end
[2J[Hstart,134.86%,1.96%,end
[2J[Hstart,134.86%,1.96%,end
[2J[Hstart,172.22%,1.96%,end
[2J[Hstart,172.22%,1.96%,end
[2J[Hstart,180.25%,1.96%,end
[2J[Hstart,180.25%,1.96%,end
[2J[Hstart,143.15%,1.96%,end
[2J[Hstart,143.15%,1.96%,end
[2J[Hstart,128.63%,1.96%,end
[2J[Hstart,128.63%,1.96%,end
[2J[Hstart,159.00%,1.97%,end
[2J[Hstart,159.00%,1.97%,end
[2J[Hstart,115.14%,1.96%,end
[2J[Hstart,115.14%,1.96%,end
[2J[Hstart,125.29%,1.96%,end
[2J[Hstart,125.29%,1.96%,end
[2J[Hstart,164.57%,1.96%,end
[2J[Hstart,164.57%,1.96%,end
[2J[Hstart,152.50%,1.96%,end
[2J[Hstart,152.50%,1.96%,end
[2J[Hstart,124.22%,1.96%,end
[2J[Hstart,124.22%,1.96%,end
[2J[Hstart,169.81%,1.96%,end
[2J[Hstart,169.81%,1.96%,end
[2J[Hstart,158.92%,1.96%,end
[2J[Hstart,158.92%,1.96%,end
[2J[Hstart,115.19%,1.96%,end
[2J[Hstart,115.19%,1.96%,end
[2J[Hstart,91.39%,1.96%,end
[2J[Hstart,91.39%,1.96%,end
[2J[Hstart,175.01%,1.96%,end
[2J[Hstart,175.01%,1.96%,end
[2J[Hstart,134.29%,1.96%,end
[2J[Hstart,134.29%,1.96%,end
[2J[Hstart,130.28%,1.96%,end
[2J[Hstart,130.28%,1.96%,end
[2J[Hstart,188.06%,1.96%,end
[2J[Hstart,188.06%,1.96%,end
[2J[Hstart,142.74%,1.96%,end
[2J[Hstart,142.74%,1.96%,end
[2J[Hstart,143.14%,1.96%,end
[2J[Hstart,143.14%,1.96%,end
[2J[Hstart,112.42%,1.96%,end
[2J[Hstart,112.42%,1.96%,end
[2J[Hstart,148.79%,1.96%,end
[2J[Hstart,148.79%,1.96%,end
[2J[Hstart,157.50%,1.96%,end
[2J[Hstart,157.50%,1.96%,end
[2J[Hstart,127.68%,1.96%,end
[2J[Hstart,127.68%,1.96%,end
[2J[Hstart,186.99%,1.96%,end
[2J[Hstart,186.99%,1.96%,end
[2J[Hstart,150.14%,1.96%,end
[2J[Hstart,150.14%,1.96%,end
[2J[Hstart,105.57%,1.96%,end
[2J[Hstart,105.57%,1.96%,end
[2J[Hstart,131.49%,1.96%,end
[2J[Hstart,131.49%,1.96%,end
[2J[Hstart,181.84%,1.96%,end
[2J[Hstart,181.84%,1.96%,end
[2J[Hstart,129.63%,1.96%,end
[2J[Hstart,129.63%,1.96%,end
[2J[Hstart,139.29%,1.96%,end
[2J[Hstart,139.29%,1.96%,end
[2J[Hstart,191.09%,1.96%,end
[2J[Hstart,191.09%,1.96%,end
[2J[Hstart,137.89%,1.96%,end
[2J[Hstart,137.89%,1.96%,end
[2J[Hstart,115.88%,1.96%,end
[2J[Hstart,115.88%,1.96%,end
[2J[Hstart,161.18%,1.96%,end
[2J[Hstart,161.18%,1.96%,end
[2J[Hstart,156.47%,1.96%,end
[2J[Hstart,156.47%,1.96%,end
[2J[Hstart,130.03%,1.96%,end
[2J[Hstart,130.03%,1.96%,end
[2J[Hstart,192.21%,1.96%,end
[2J[Hstart,192.21%,1.96%,end
[2J[Hstart,170.55%,1.96%,end
[2J[Hstart,170.55%,1.96%,end
[2J[Hstart,141.62%,1.96%,end
[2J[Hstart,141.62%,1.96%,end
[2J[Hstart,111.24%,1.96%,end
[2J[Hstart,111.24%,1.96%,end
[2J[Hstart,187.94%,1.96%,end
[2J[Hstart,187.94%,1.96%,end
[2J[Hstart,137.24%,1.96%,end
[2J[Hstart,137.24%,1.96%,end
[2J[Hstart,116.88%,1.96%,end
[2J[Hstart,116.88%,1.96%,end
[2J[Hstart,116.88%,1.96%,end
[2J[Hstart,143.37%,1.96%,end
[2J[Hstart,143.37%,1.96%,end
[2J[Hstart,167.13%,1.96%,end
[2J[Hstart,167.13%,1.96%,end
[2J[Hstart,136.80%,1.96%,end
[2J[Hstart,136.80%,1.96%,end
[2J[Hstart,126.54%,1.96%,end
[2J[Hstart,126.54%,1.96%,end
[2J[Hstart,144.84%,1.96%,end
[2J[Hstart,144.84%,1.96%,end
[2J[Hstart,145.75%,1.98%,end
[2J[Hstart,145.75%,1.98%,end
[2J[Hstart,140.15%,1.96%,end
[2J[Hstart,140.15%,1.96%,end
[2J[Hstart,179.05%,1.96%,end
[2J[Hstart,179.05%,1.96%,end
[2J[Hstart,133.16%,1.96%,end
[2J[Hstart,133.16%,1.96%,end
[2J[Hstart,123.25%,1.96%,end
[2J[Hstart,123.25%,1.96%,end
[2J[Hstart,142.94%,1.96%,end
[2J[Hstart,142.94%,1.96%,end
[2J[Hstart,144.43%,1.96%,end
[2J[Hstart,144.43%,1.96%,end
[2J[Hstart,137.72%,1.97%,end
[2J[Hstart,137.72%,1.97%,end
[2J[Hstart,175.49%,1.97%,end
[2J[Hstart,175.49%,1.97%,end
[2J[Hstart,166.30%,1.97%,end
[2J[Hstart,166.30%,1.97%,end
[2J[Hstart,176.39%,1.97%,end
[2J[Hstart,176.39%,1.97%,end
[2J[Hstart,100.33%,1.97%,end
[2J[Hstart,100.33%,1.97%,end
[2J[Hstart,148.66%,1.97%,end
[2J[Hstart,148.66%,1.97%,end
[2J[Hstart,171.05%,1.97%,end
[2J[Hstart,171.05%,1.97%,end
[2J[Hstart,137.85%,1.97%,end
[2J[Hstart,137.85%,1.97%,end
[2J[Hstart,169.91%,1.97%,end
[2J[Hstart,169.91%,1.97%,end
[2J[Hstart,143.77%,1.97%,end
[2J[Hstart,143.77%,1.97%,end
[2J[Hstart,163.49%,1.97%,end
[2J[Hstart,163.49%,1.97%,end
[2J[Hstart,115.77%,1.97%,end
[2J[Hstart,115.77%,1.97%,end
[2J[Hstart,140.31%,1.97%,end
[2J[Hstart,140.31%,1.97%,end
[2J[Hstart,154.45%,1.97%,end
[2J[Hstart,154.45%,1.97%,end
[2J[Hstart,144.15%,1.97%,end
[2J[Hstart,144.15%,1.97%,end
[2J[Hstart,171.13%,1.97%,end
[2J[Hstart,171.13%,1.97%,end
[2J[Hstart,161.17%,1.97%,end
[2J[Hstart,161.17%,1.97%,end
[2J[Hstart,125.83%,1.97%,end
[2J[Hstart,125.83%,1.97%,end
[2J[Hstart,139.85%,1.97%,end
[2J[Hstart,139.85%,1.97%,end
[2J[Hstart,112.84%,1.97%,end
[2J[Hstart,112.84%,1.97%,end
[2J[Hstart,112.84%,1.97%,end
[2J[Hstart,142.00%,1.97%,end
[2J[Hstart,142.00%,1.97%,end
[2J[Hstart,179.38%,1.97%,end
[2J[Hstart,179.38%,1.97%,end
[2J[Hstart,122.30%,1.97%,end
[2J[Hstart,122.30%,1.97%,end
[2J[Hstart,133.30%,1.97%,end
[2J[Hstart,133.30%,1.97%,end
[2J[Hstart,129.89%,1.97%,end
[2J[Hstart,129.89%,1.97%,end
[2J[Hstart,139.30%,1.97%,end
[2J[Hstart,139.30%,1.97%,end
[2J[Hstart,150.50%,1.97%,end
[2J[Hstart,150.50%,1.97%,end
[2J[Hstart,131.66%,1.97%,end
[2J[Hstart,131.66%,1.97%,end
[2J[Hstart,121.78%,1.97%,end
[2J[Hstart,121.78%,1.97%,end
[2J[Hstart,111.96%,1.97%,end
[2J[Hstart,111.96%,1.97%,end
[2J[Hstart,156.88%,1.97%,end
[2J[Hstart,156.88%,1.97%,end
[2J[Hstart,107.32%,1.97%,end
[2J[Hstart,107.32%,1.97%,end
[2J[Hstart,156.80%,1.97%,end
[2J[Hstart,156.80%,1.97%,end
[2J[Hstart,142.95%,1.97%,end
[2J[Hstart,142.95%,1.97%,end
[2J[Hstart,173.84%,1.98%,end
[2J[Hstart,173.84%,1.98%,end
[2J[Hstart,122.21%,1.97%,end
[2J[Hstart,122.21%,1.97%,end
[2J[Hstart,149.48%,1.97%,end
[2J[Hstart,149.48%,1.97%,end
[2J[Hstart,168.54%,1.97%,end
[2J[Hstart,168.54%,1.97%,end
[2J[Hstart,118.70%,1.97%,end
[2J[Hstart,118.70%,1.97%,end
[2J[Hstart,128.61%,1.97%,end
[2J[Hstart,128.61%,1.97%,end
[2J[Hstart,150.44%,1.97%,end
[2J[Hstart,150.44%,1.97%,end
[2J[Hstart,157.94%,1.97%,end
[2J[Hstart,157.94%,1.97%,end
[2J[Hstart,119.65%,1.97%,end
[2J[Hstart,119.65%,1.97%,end
[2J[Hstart,121.51%,1.97%,end
[2J[Hstart,121.51%,1.97%,end
[2J[Hstart,162.27%,1.98%,end
[2J[Hstart,162.27%,1.98%,end
[2J[Hstart,162.27%,1.98%,end
[2J[Hstart,125.34%,1.97%,end
[2J[Hstart,125.34%,1.97%,end
[2J[Hstart,98.27%,1.97%,end
[2J[Hstart,98.27%,1.97%,end
[2J[Hstart,147.32%,1.97%,end
[2J[Hstart,147.32%,1.97%,end
[2J[Hstart,118.93%,1.97%,end
[2J[Hstart,118.93%,1.97%,end
[2J[Hstart,108.38%,1.97%,end
[2J[Hstart,108.38%,1.97%,end
[2J[Hstart,175.70%,1.97%,end
[2J[Hstart,175.70%,1.97%,end
[2J[Hstart,184.56%,1.97%,end
[2J[Hstart,184.56%,1.97%,end
[2J[Hstart,156.26%,1.97%,end
[2J[Hstart,156.26%,1.97%,end
[2J[Hstart,132.07%,1.97%,end
[2J[Hstart,132.07%,1.97%,end
[2J[Hstart,190.78%,1.97%,end
[2J[Hstart,190.78%,1.97%,end
[2J[Hstart,169.55%,1.98%,end
[2J[Hstart,169.55%,1.98%,end
[2J[Hstart,136.45%,1.97%,end
[2J[Hstart,136.45%,1.97%,end
[2J[Hstart,185.08%,1.97%,end
[2J[Hstart,185.08%,1.97%,end
[2J[Hstart,182.33%,1.97%,end
[2J[Hstart,182.33%,1.97%,end
[2J[Hstart,127.91%,1.97%,end
[2J[Hstart,127.91%,1.97%,end
[2J[Hstart,140.97%,1.97%,end
[2J[Hstart,140.97%,1.97%,end
[2J[Hstart,181.15%,1.97%,end
[2J[Hstart,181.15%,1.97%,end
[2J[Hstart,139.56%,1.97%,end
[2J[Hstart,139.56%,1.97%,end
[2J[Hstart,155.07%,1.97%,end
[2J[Hstart,155.07%,1.97%,end
[2J[Hstart,184.76%,1.97%,end
[2J[Hstart,184.76%,1.97%,end
[2J[Hstart,172.11%,1.97%,end
[2J[Hstart,172.11%,1.97%,end
[2J[Hstart,119.08%,1.97%,end
[2J[Hstart,119.08%,1.97%,end
[2J[Hstart,139.97%,1.97%,end
[2J[Hstart,139.97%,1.97%,end
[2J[Hstart,173.34%,1.97%,end
[2J[Hstart,173.34%,1.97%,end
[2J[Hstart,114.65%,1.97%,end
[2J[Hstart,114.65%,1.97%,end
[2J[Hstart,189.69%,1.97%,end
[2J[Hstart,189.69%,1.97%,end
[2J[Hstart,176.11%,1.97%,end
[2J[Hstart,176.11%,1.97%,end
[2J[Hstart,145.71%,1.97%,end
[2J[Hstart,145.71%,1.97%,end
[2J[Hstart,158.94%,1.97%,end
[2J[Hstart,158.94%,1.97%,end
[2J[Hstart,135.98%,1.97%,end
[2J[Hstart,135.98%,1.97%,end
[2J[Hstart,163.47%,1.97%,end
[2J[Hstart,163.47%,1.97%,end
[2J[Hstart,134.98%,1.97%,end
[2J[Hstart,134.98%,1.97%,end
[2J[Hstart,181.63%,1.97%,end
[2J[Hstart,181.63%,1.97%,end
[2J[Hstart,171.16%,1.97%,end
[2J[Hstart,171.16%,1.97%,end
[2J[Hstart,105.51%,1.97%,end
[2J[Hstart,105.51%,1.97%,end
[2J[Hstart,137.14%,1.97%,end
[2J[Hstart,137.14%,1.97%,end
[2J[Hstart,183.94%,1.97%,end
[2J[Hstart,183.94%,1.97%,end
[2J[Hstart,175.80%,1.97%,end
[2J[Hstart,175.80%,1.97%,end
[2J[Hstart,139.35%,1.97%,end
[2J[Hstart,139.35%,1.97%,end
[2J[Hstart,189.00%,1.97%,end
[2J[Hstart,189.00%,1.97%,end
[2J[Hstart,184.21%,1.97%,end
[2J[Hstart,184.21%,1.97%,end
[2J[Hstart,101.41%,1.97%,end
[2J[Hstart,101.41%,1.97%,end
[2J[Hstart,135.82%,1.97%,end
[2J[Hstart,135.82%,1.97%,end
[2J[Hstart,186.92%,1.97%,end
[2J[Hstart,186.92%,1.97%,end
[2J[Hstart,145.13%,1.97%,end
[2J[Hstart,145.13%,1.97%,end
[2J[Hstart,155.41%,1.97%,end
[2J[Hstart,155.41%,1.97%,end
[2J[Hstart,184.45%,1.97%,end
[2J[Hstart,184.45%,1.97%,end
[2J[Hstart,155.86%,1.97%,end
[2J[Hstart,155.86%,1.97%,end
[2J[Hstart,88.28%,1.97%,end
[2J[Hstart,88.28%,1.97%,end
[2J[Hstart,190.43%,1.97%,end
[2J[Hstart,190.43%,1.97%,end
[2J[Hstart,185.48%,1.97%,end
[2J[Hstart,185.48%,1.97%,end
[2J[Hstart,132.15%,1.97%,end
[2J[Hstart,132.15%,1.97%,end
[2J[Hstart,126.92%,1.97%,end
[2J[Hstart,126.92%,1.97%,end
[2J[Hstart,186.65%,1.97%,end
[2J[Hstart,186.65%,1.97%,end
[2J[Hstart,146.31%,1.97%,end
[2J[Hstart,146.31%,1.97%,end
[2J[Hstart,95.32%,1.97%,end
[2J[Hstart,95.32%,1.97%,end
[2J[Hstart,95.32%,1.97%,end
[2J[Hstart,153.88%,1.97%,end
[2J[Hstart,153.88%,1.97%,end
[2J[Hstart,152.85%,1.97%,end
[2J[Hstart,152.85%,1.97%,end
[2J[Hstart,159.80%,1.97%,end
[2J[Hstart,159.80%,1.97%,end
[2J[Hstart,121.42%,1.97%,end
[2J[Hstart,121.42%,1.97%,end
[2J[Hstart,185.98%,1.97%,end
[2J[Hstart,185.98%,1.97%,end
[2J[Hstart,169.13%,1.97%,end
[2J[Hstart,169.13%,1.97%,end
[2J[Hstart,109.31%,1.97%,end
[2J[Hstart,109.31%,1.97%,end
[2J[Hstart,149.07%,1.97%,end
[2J[Hstart,149.07%,1.97%,end
[2J[Hstart,123.55%,1.97%,end
[2J[Hstart,123.55%,1.97%,end
[2J[Hstart,149.88%,1.97%,end
[2J[Hstart,149.88%,1.97%,end
[2J[Hstart,131.70%,1.97%,end
[2J[Hstart,131.70%,1.97%,end
[2J[Hstart,176.59%,1.97%,end
[2J[Hstart,176.59%,1.97%,end
[2J[Hstart,184.00%,1.97%,end
[2J[Hstart,184.00%,1.97%,end
[2J[Hstart,104.69%,1.97%,end
[2J[Hstart,104.69%,1.97%,end
[2J[Hstart,139.84%,1.97%,end
[2J[Hstart,139.84%,1.97%,end
[2J[Hstart,164.59%,1.97%,end
[2J[Hstart,164.59%,1.97%,end
[2J[Hstart,175.58%,1.97%,end
[2J[Hstart,175.58%,1.97%,end
[2J[Hstart,130.68%,1.97%,end
[2J[Hstart,130.68%,1.97%,end
[2J[Hstart,143.46%,1.97%,end
[2J[Hstart,143.46%,1.97%,end
[2J[Hstart,178.27%,1.97%,end
[2J[Hstart,178.27%,1.97%,end
[2J[Hstart,112.00%,1.97%,end
[2J[Hstart,112.00%,1.97%,end
[2J[Hstart,111.08%,1.97%,end
[2J[Hstart,111.08%,1.97%,end
[2J[Hstart,173.75%,1.97%,end
[2J[Hstart,173.75%,1.97%,end
[2J[Hstart,137.60%,1.97%,end
[2J[Hstart,137.60%,1.97%,end
[2J[Hstart,152.76%,1.97%,end
[2J[Hstart,152.76%,1.97%,end
[2J[Hstart,154.13%,1.97%,end
[2J[Hstart,154.13%,1.97%,end
[2J[Hstart,169.67%,1.97%,end
[2J[Hstart,169.67%,1.97%,end
[2J[Hstart,103.60%,1.97%,end
[2J[Hstart,103.60%,1.97%,end
[2J[Hstart,147.23%,1.97%,end
[2J[Hstart,147.23%,1.97%,end
[2J[Hstart,187.77%,1.97%,end
[2J[Hstart,187.77%,1.97%,end
[2J[Hstart,129.56%,1.97%,end
[2J[Hstart,129.56%,1.97%,end
[2J[Hstart,129.56%,1.97%,end
[2J[Hstart,159.09%,1.97%,end
[2J[Hstart,159.09%,1.97%,end
[2J[Hstart,178.59%,1.97%,end
[2J[Hstart,178.59%,1.97%,end
[2J[Hstart,99.42%,1.97%,end
[2J[Hstart,99.42%,1.97%,end
[2J[Hstart,167.01%,1.97%,end
[2J[Hstart,167.01%,1.97%,end
[2J[Hstart,136.59%,1.97%,end
[2J[Hstart,136.59%,1.97%,end
[2J[Hstart,122.05%,1.97%,end
[2J[Hstart,122.05%,1.97%,end
[2J[Hstart,148.34%,1.97%,end
[2J[Hstart,148.34%,1.97%,end
[2J[Hstart,131.62%,1.97%,end
[2J[Hstart,131.62%,1.97%,end
[2J[Hstart,93.44%,1.97%,end
[2J[Hstart,93.44%,1.97%,end
[2J[Hstart,111.04%,1.97%,end
[2J[Hstart,111.04%,1.97%,end
[2J[Hstart,105.65%,1.98%,end
[2J[Hstart,105.65%,1.98%,end
[2J[Hstart,156.09%,1.97%,end
[2J[Hstart,156.09%,1.97%,end
[2J[Hstart,187.32%,1.97%,end
[2J[Hstart,187.32%,1.97%,end
[2J[Hstart,129.36%,1.97%,end
[2J[Hstart,129.36%,1.97%,end
[2J[Hstart,140.52%,1.97%,end
[2J[Hstart,140.52%,1.97%,end
[2J[Hstart,175.96%,1.97%,end
[2J[Hstart,175.96%,1.97%,end
[2J[Hstart,150.42%,1.97%,end
[2J[Hstart,150.42%,1.97%,end
[2J[Hstart,122.22%,1.97%,end
[2J[Hstart,122.22%,1.97%,end
[2J[Hstart,118.38%,1.97%,end
[2J[Hstart,118.38%,1.97%,end
[2J[Hstart,179.20%,1.97%,end
[2J[Hstart,179.20%,1.97%,end
[2J[Hstart,113.92%,1.98%,end
[2J[Hstart,113.92%,1.98%,end
[2J[Hstart,187.83%,1.97%,end
[2J[Hstart,187.83%,1.97%,end
[2J[Hstart,179.61%,1.97%,end
[2J[Hstart,179.61%,1.97%,end
[2J[Hstart,153.26%,1.97%,end
[2J[Hstart,153.26%,1.97%,end
[2J[Hstart,126.34%,1.97%,end
[2J[Hstart,126.34%,1.97%,end
[2J[Hstart,140.92%,1.97%,end
[2J[Hstart,140.92%,1.97%,end
[2J[Hstart,173.80%,1.97%,end
[2J[Hstart,173.80%,1.97%,end
[2J[Hstart,128.69%,1.97%,end
[2J[Hstart,128.69%,1.97%,end
[2J[Hstart,172.75%,1.97%,end
[2J[Hstart,172.75%,1.97%,end
[2J[Hstart,189.93%,1.97%,end
[2J[Hstart,189.93%,1.97%,end
[2J[Hstart,129.84%,1.97%,end
[2J[Hstart,129.84%,1.97%,end
[2J[Hstart,129.84%,1.97%,end
[2J[Hstart,105.97%,1.97%,end
[2J[Hstart,105.97%,1.97%,end
[2J[Hstart,148.71%,1.97%,end
[2J[Hstart,148.71%,1.97%,end
[2J[Hstart,121.23%,1.97%,end
[2J[Hstart,121.23%,1.97%,end
[2J[Hstart,164.13%,1.97%,end
[2J[Hstart,164.13%,1.97%,end
[2J[Hstart,129.09%,1.97%,end
[2J[Hstart,129.09%,1.97%,end
[2J[Hstart,182.61%,1.97%,end
[2J[Hstart,182.61%,1.97%,end
[2J[Hstart,191.16%,1.97%,end
[2J[Hstart,191.16%,1.97%,end
[2J[Hstart,118.25%,1.97%,end
[2J[Hstart,118.25%,1.97%,end
[2J[Hstart,157.70%,1.97%,end
[2J[Hstart,157.70%,1.97%,end
[2J[Hstart,152.56%,1.97%,end
[2J[Hstart,152.56%,1.97%,end
[2J[Hstart,120.44%,1.97%,end
[2J[Hstart,120.44%,1.97%,end
[2J[Hstart,154.96%,1.97%,end
[2J[Hstart,154.96%,1.97%,end
[2J[Hstart,182.41%,1.97%,end
[2J[Hstart,182.41%,1.97%,end
[2J[Hstart,185.24%,1.97%,end
[2J[Hstart,185.24%,1.97%,end
[2J[Hstart,116.31%,1.97%,end
[2J[Hstart,116.31%,1.97%,end
[2J[Hstart,189.03%,1.97%,end
[2J[Hstart,189.03%,1.97%,end
[2J[Hstart,145.01%,1.97%,end
[2J[Hstart,145.01%,1.97%,end
[2J[Hstart,108.83%,1.97%,end
[2J[Hstart,108.83%,1.97%,end
[2J[Hstart,162.37%,1.97%,end
[2J[Hstart,162.37%,1.97%,end
[2J[Hstart,187.87%,1.97%,end
[2J[Hstart,187.87%,1.97%,end
[2J[Hstart,174.73%,1.97%,end
[2J[Hstart,174.73%,1.97%,end
[2J[Hstart,134.21%,1.97%,end
[2J[Hstart,134.21%,1.97%,end
[2J[Hstart,183.71%,1.97%,end
[2J[Hstart,183.71%,1.97%,end
[2J[Hstart,161.95%,1.97%,end
[2J[Hstart,161.95%,1.97%,end
[2J[Hstart,98.44%,1.97%,end
[2J[Hstart,98.44%,1.97%,end
[2J[Hstart,175.24%,1.97%,end
[2J[Hstart,175.24%,1.97%,end
[2J[Hstart,185.92%,1.97%,end
[2J[Hstart,185.92%,1.97%,end
[2J[Hstart,147.50%,1.97%,end
[2J[Hstart,147.50%,1.97%,end
[2J[Hstart,160.40%,1.97%,end
[2J[Hstart,160.40%,1.97%,end
[2J[Hstart,176.19%,1.97%,end
[2J[Hstart,176.19%,1.97%,end
[2J[Hstart,168.66%,1.97%,end
[2J[Hstart,168.66%,1.97%,end
[2J[Hstart,94.91%,1.97%,end
[2J[Hstart,94.91%,1.97%,end
[2J[Hstart,182.00%,1.97%,end
[2J[Hstart,182.00%,1.97%,end
[2J[Hstart,179.73%,1.97%,end
[2J[Hstart,179.73%,1.97%,end
[2J[Hstart,145.69%,1.97%,end
[2J[Hstart,145.69%,1.97%,end
[2J[Hstart,170.39%,1.97%,end
[2J[Hstart,170.39%,1.97%,end
[2J[Hstart,183.02%,1.97%,end
[2J[Hstart,183.02%,1.97%,end
[2J[Hstart,183.02%,1.97%,end
[2J[Hstart,136.90%,1.97%,end
[2J[Hstart,136.90%,1.97%,end
[2J[Hstart,90.36%,1.97%,end
[2J[Hstart,90.36%,1.97%,end
[2J[Hstart,164.12%,1.97%,end
[2J[Hstart,164.12%,1.97%,end
[2J[Hstart,177.72%,1.97%,end
[2J[Hstart,177.72%,1.97%,end
[2J[Hstart,134.96%,1.97%,end
[2J[Hstart,134.96%,1.97%,end
[2J[Hstart,150.37%,1.97%,end
[2J[Hstart,150.37%,1.97%,end
[2J[Hstart,182.89%,1.97%,end
[2J[Hstart,182.89%,1.97%,end
[2J[Hstart,132.22%,1.97%,end
[2J[Hstart,132.22%,1.97%,end
[2J[Hstart,102.34%,1.97%,end
[2J[Hstart,102.34%,1.97%,end
[2J[Hstart,174.39%,1.97%,end
[2J[Hstart,174.39%,1.97%,end
[2J[Hstart,158.34%,1.97%,end
[2J[Hstart,158.34%,1.97%,end
[2J[Hstart,134.68%,1.97%,end
[2J[Hstart,134.68%,1.97%,end
[2J[Hstart,164.58%,1.97%,end
[2J[Hstart,164.58%,1.97%,end
[2J[Hstart,183.40%,1.97%,end
[2J[Hstart,183.40%,1.97%,end
[2J[Hstart,141.15%,1.97%,end
[2J[Hstart,141.15%,1.97%,end
[2J[Hstart,98.40%,1.97%,end
[2J[Hstart,98.40%,1.97%,end
[2J[Hstart,173.62%,1.97%,end
[2J[Hstart,173.62%,1.97%,end
[2J[Hstart,143.64%,1.97%,end
[2J[Hstart,143.64%,1.97%,end
[2J[Hstart,141.25%,1.97%,end
[2J[Hstart,141.25%,1.97%,end
[2J[Hstart,166.19%,1.97%,end
[2J[Hstart,166.19%,1.97%,end
[2J[Hstart,150.93%,1.97%,end
[2J[Hstart,150.93%,1.97%,end
[2J[Hstart,129.24%,1.97%,end
[2J[Hstart,129.24%,1.97%,end
[2J[Hstart,137.06%,1.97%,end
[2J[Hstart,137.06%,1.97%,end
[2J[Hstart,177.42%,1.97%,end
[2J[Hstart,177.42%,1.97%,end
[2J[Hstart,156.69%,1.97%,end
[2J[Hstart,156.69%,1.97%,end
[2J[Hstart,149.10%,1.97%,end
[2J[Hstart,149.10%,1.97%,end
[2J[Hstart,186.66%,1.97%,end
[2J[Hstart,186.66%,1.97%,end
[2J[Hstart,137.92%,1.97%,end
[2J[Hstart,137.92%,1.97%,end
[2J[Hstart,108.10%,1.97%,end
[2J[Hstart,108.10%,1.97%,end
[2J[Hstart,156.19%,1.97%,end
[2J[Hstart,156.19%,1.97%,end
[2J[Hstart,139.78%,1.97%,end
[2J[Hstart,139.78%,1.97%,end
[2J[Hstart,160.12%,1.97%,end
[2J[Hstart,160.12%,1.97%,end
[2J[Hstart,98.85%,1.97%,end
[2J[Hstart,98.85%,1.97%,end
[2J[Hstart,157.77%,1.97%,end
[2J[Hstart,157.77%,1.97%,end
[2J[Hstart,159.85%,1.97%,end
[2J[Hstart,159.85%,1.97%,end
[2J[Hstart,120.70%,1.97%,end
[2J[Hstart,120.70%,1.97%,end
[2J[Hstart,151.70%,1.97%,end
[2J[Hstart,151.70%,1.97%,end
[2J[Hstart,141.76%,1.97%,end
[2J[Hstart,141.76%,1.97%,end
[2J[Hstart,129.99%,1.97%,end
[2J[Hstart,129.99%,1.97%,end
[2J[Hstart,181.71%,1.97%,end
[2J[Hstart,181.71%,1.97%,end
[2J[Hstart,152.16%,1.97%,end
[2J[Hstart,152.16%,1.97%,end
[2J[Hstart,143.33%,1.97%,end
[2J[Hstart,143.33%,1.97%,end
[2J[Hstart,127.02%,1.97%,end
[2J[Hstart,127.02%,1.97%,end
[2J[Hstart,137.33%,1.97%,end
[2J[Hstart,137.33%,1.97%,end
[2J[Hstart,146.18%,1.97%,end
[2J[Hstart,146.18%,1.97%,end
[2J[Hstart,99.10%,1.97%,end
[2J[Hstart,99.10%,1.97%,end
[2J[Hstart,170.77%,1.97%,end
[2J[Hstart,170.77%,1.97%,end
[2J[Hstart,153.18%,1.97%,end
[2J[Hstart,153.18%,1.97%,end
[2J[Hstart,124.92%,1.97%,end
[2J[Hstart,124.92%,1.97%,end
[2J[Hstart,142.78%,1.97%,end
[2J[Hstart,142.78%,1.97%,end
[2J[Hstart,139.36%,1.97%,end
[2J[Hstart,139.36%,1.97%,end
[2J[Hstart,155.95%,1.97%,end
[2J[Hstart,155.95%,1.97%,end
[2J[Hstart,146.77%,1.97%,end
[2J[Hstart,146.77%,1.97%,end
[2J[Hstart,147.13%,1.97%,end
[2J[Hstart,147.13%,1.97%,end
[2J[Hstart,170.06%,1.97%,end
[2J[Hstart,170.06%,1.97%,end
[2J[Hstart,100.02%,1.97%,end
[2J[Hstart,100.02%,1.97%,end
[2J[Hstart,153.52%,1.97%,end
[2J[Hstart,153.52%,1.97%,end
[2J[Hstart,160.82%,1.97%,end
[2J[Hstart,160.82%,1.97%,end
[2J[Hstart,141.30%,1.97%,end
[2J[Hstart,141.30%,1.97%,end
[2J[Hstart,172.48%,1.97%,end
[2J[Hstart,172.48%,1.97%,end
[2J[Hstart,136.10%,1.97%,end
[2J[Hstart,136.10%,1.97%,end
[2J[Hstart,159.17%,1.97%,end
[2J[Hstart,159.17%,1.97%,end
[2J[Hstart,159.17%,1.97%,end
[2J[Hstart,110.66%,1.97%,end
[2J[Hstart,110.66%,1.97%,end
[2J[Hstart,112.11%,1.97%,end
[2J[Hstart,112.11%,1.97%,end
[2J[Hstart,169.19%,1.97%,end
[2J[Hstart,169.19%,1.97%,end
[2J[Hstart,157.15%,1.97%,end
[2J[Hstart,157.15%,1.97%,end
[2J[Hstart,119.79%,1.97%,end
[2J[Hstart,119.79%,1.97%,end
[2J[Hstart,176.00%,1.97%,end
[2J[Hstart,176.00%,1.97%,end
[2J[Hstart,149.05%,1.97%,end
[2J[Hstart,149.05%,1.97%,end
[2J[Hstart,120.11%,1.97%,end
[2J[Hstart,120.11%,1.97%,end
[2J[Hstart,163.30%,1.97%,end
[2J[Hstart,163.30%,1.97%,end
[2J[Hstart,154.48%,1.97%,end
[2J[Hstart,154.48%,1.97%,end
[2J[Hstart,162.91%,1.97%,end
[2J[Hstart,162.91%,1.97%,end
[2J[Hstart,143.68%,1.97%,end
[2J[Hstart,143.68%,1.97%,end
[2J[Hstart,162.36%,1.97%,end
[2J[Hstart,162.36%,1.97%,end
[2J[Hstart,158.09%,1.97%,end
[2J[Hstart,158.09%,1.97%,end
[2J[Hstart,110.54%,1.97%,end
[2J[Hstart,110.54%,1.97%,end
[2J[Hstart,168.33%,1.97%,end
[2J[Hstart,168.33%,1.97%,end
[2J[Hstart,136.78%,1.97%,end
[2J[Hstart,136.78%,1.97%,end
[2J[Hstart,139.63%,1.97%,end
[2J[Hstart,139.63%,1.97%,end
[2J[Hstart,171.86%,1.97%,end
[2J[Hstart,171.86%,1.97%,end
[2J[Hstart,138.63%,1.97%,end
[2J[Hstart,138.63%,1.97%,end
[2J[Hstart,146.51%,1.97%,end
[2J[Hstart,146.51%,1.97%,end
[2J[Hstart,124.65%,1.97%,end
[2J[Hstart,124.65%,1.97%,end
[2J[Hstart,152.49%,1.97%,end
[2J[Hstart,152.49%,1.97%,end
[2J[Hstart,167.41%,1.97%,end
[2J[Hstart,167.41%,1.97%,end
[2J[Hstart,132.78%,1.97%,end
[2J[Hstart,132.78%,1.97%,end
[2J[Hstart,175.98%,1.97%,end
[2J[Hstart,175.98%,1.97%,end
[2J[Hstart,154.73%,1.97%,end
[2J[Hstart,154.73%,1.97%,end
[2J[Hstart,130.52%,1.97%,end
[2J[Hstart,130.52%,1.97%,end
[2J[Hstart,137.58%,1.97%,end
[2J[Hstart,137.58%,1.97%,end
[2J[Hstart,141.58%,1.97%,end
[2J[Hstart,141.58%,1.97%,end
[2J[Hstart,188.15%,1.97%,end
[2J[Hstart,188.15%,1.97%,end
[2J[Hstart,111.68%,1.97%,end
[2J[Hstart,111.68%,1.97%,end
[2J[Hstart,97.81%,1.97%,end
[2J[Hstart,97.81%,1.97%,end
[2J[Hstart,177.03%,1.97%,end
[2J[Hstart,177.03%,1.97%,end
[2J[Hstart,136.89%,1.97%,end
[2J[Hstart,136.89%,1.97%,end
[2J[Hstart,96.53%,1.97%,end
[2J[Hstart,96.53%,1.97%,end
[2J[Hstart,151.98%,1.97%,end
[2J[Hstart,151.98%,1.97%,end
[2J[Hstart,152.15%,1.97%,end
[2J[Hstart,152.15%,1.97%,end
[2J[Hstart,134.30%,1.97%,end
[2J[Hstart,134.30%,1.97%,end
[2J[Hstart,125.78%,1.97%,end
[2J[Hstart,125.78%,1.97%,end
[2J[Hstart,186.60%,1.97%,end
[2J[Hstart,186.60%,1.97%,end
[2J[Hstart,125.26%,1.97%,end
[2J[Hstart,125.26%,1.97%,end
[2J[Hstart,118.65%,1.97%,end
[2J[Hstart,118.65%,1.97%,end
[2J[Hstart,188.91%,1.97%,end
[2J[Hstart,188.91%,1.97%,end
[2J[Hstart,185.94%,1.97%,end
[2J[Hstart,185.94%,1.97%,end
[2J[Hstart,123.01%,1.97%,end
[2J[Hstart,123.01%,1.97%,end
[2J[Hstart,161.91%,1.97%,end
[2J[Hstart,161.91%,1.97%,end
[2J[Hstart,168.15%,1.97%,end
[2J[Hstart,168.15%,1.97%,end
[2J[Hstart,121.97%,1.97%,end
[2J[Hstart,121.97%,1.97%,end
[2J[Hstart,149.41%,1.97%,end
[2J[Hstart,149.41%,1.97%,end
[2J[Hstart,174.91%,1.97%,end
[2J[Hstart,174.91%,1.97%,end
[2J[Hstart,131.74%,1.97%,end
[2J[Hstart,131.74%,1.97%,end
[2J[Hstart,125.38%,1.97%,end
[2J[Hstart,125.38%,1.97%,end
[2J[Hstart,172.48%,1.97%,end
[2J[Hstart,172.48%,1.97%,end
[2J[Hstart,111.81%,1.97%,end
[2J[Hstart,111.81%,1.97%,end
[2J[Hstart,111.81%,1.97%,end
[2J[Hstart,144.54%,1.97%,end
[2J[Hstart,144.54%,1.97%,end
[2J[Hstart,127.32%,1.97%,end
[2J[Hstart,127.32%,1.97%,end
[2J[Hstart,147.43%,1.97%,end
[2J[Hstart,147.43%,1.97%,end
[2J[Hstart,159.21%,1.97%,end
[2J[Hstart,159.21%,1.97%,end
[2J[Hstart,133.36%,1.97%,end
[2J[Hstart,133.36%,1.97%,end
[2J[Hstart,188.10%,1.97%,end
[2J[Hstart,188.10%,1.97%,end
[2J[Hstart,183.60%,1.97%,end
[2J[Hstart,183.60%,1.97%,end
[2J[Hstart,95.19%,1.97%,end
[2J[Hstart,95.19%,1.97%,end
[2J[Hstart,120.57%,1.97%,end
[2J[Hstart,120.57%,1.97%,end
[2J[Hstart,153.13%,1.97%,end
[2J[Hstart,153.13%,1.97%,end
[2J[Hstart,145.43%,1.97%,end
[2J[Hstart,145.43%,1.97%,end
[2J[Hstart,166.88%,1.97%,end
[2J[Hstart,166.88%,1.97%,end
[2J[Hstart,160.06%,1.97%,end
[2J[Hstart,160.06%,1.97%,end
[2J[Hstart,154.96%,1.97%,end
[2J[Hstart,154.96%,1.97%,end
[2J[Hstart,165.73%,1.97%,end
[2J[Hstart,165.73%,1.97%,end
[2J[Hstart,131.29%,1.97%,end
[2J[Hstart,131.29%,1.97%,end
[2J[Hstart,158.54%,1.97%,end
[2J[Hstart,158.54%,1.97%,end
[2J[Hstart,122.01%,1.97%,end
[2J[Hstart,122.01%,1.97%,end
[2J[Hstart,183.59%,1.97%,end
[2J[Hstart,183.59%,1.97%,end
[2J[Hstart,150.29%,1.97%,end
[2J[Hstart,150.29%,1.97%,end
[2J[Hstart,138.43%,1.97%,end
[2J[Hstart,138.43%,1.97%,end
[2J[Hstart,143.30%,1.97%,end
[2J[Hstart,143.30%,1.97%,end
[2J[Hstart,147.38%,1.97%,end
[2J[Hstart,147.38%,1.97%,end
[2J[Hstart,145.98%,1.97%,end
[2J[Hstart,145.98%,1.97%,end
[2J[Hstart,133.59%,1.97%,end
[2J[Hstart,133.59%,1.97%,end
[2J[Hstart,167.86%,1.97%,end
[2J[Hstart,167.86%,1.97%,end
[2J[Hstart,149.17%,1.97%,end
[2J[Hstart,149.17%,1.97%,end
[2J[Hstart,100.57%,1.97%,end
[2J[Hstart,100.57%,1.97%,end
[2J[Hstart,135.75%,1.97%,end
[2J[Hstart,135.75%,1.97%,end
[2J[Hstart,147.74%,1.97%,end
[2J[Hstart,147.74%,1.97%,end
[2J[Hstart,147.47%,1.97%,end
[2J[Hstart,147.47%,1.97%,end
[2J[Hstart,151.39%,1.97%,end
[2J[Hstart,151.39%,1.97%,end
[2J[Hstart,137.04%,1.97%,end
[2J[Hstart,137.04%,1.97%,end
[2J[Hstart,157.37%,1.97%,end
[2J[Hstart,157.37%,1.97%,end
[2J[Hstart,113.14%,1.97%,end
[2J[Hstart,113.14%,1.97%,end
[2J[Hstart,110.81%,1.97%,end
[2J[Hstart,110.81%,1.97%,end
[2J[Hstart,123.60%,1.97%,end
[2J[Hstart,123.60%,1.97%,end
[2J[Hstart,100.83%,1.97%,end
[2J[Hstart,100.83%,1.97%,end
[2J[Hstart,129.02%,1.97%,end
[2J[Hstart,129.02%,1.97%,end
[2J[Hstart,121.57%,1.97%,end
[2J[Hstart,121.57%,1.97%,end
[2J[Hstart,167.93%,1.97%,end
[2J[Hstart,167.93%,1.97%,end
[2J[Hstart,130.85%,1.97%,end
[2J[Hstart,130.85%,1.97%,end
[2J[Hstart,89.60%,1.97%,end
[2J[Hstart,89.60%,1.97%,end
[2J[Hstart,155.14%,1.97%,end
[2J[Hstart,155.14%,1.97%,end
[2J[Hstart,160.90%,1.97%,end
[2J[Hstart,160.90%,1.97%,end
[2J[Hstart,156.90%,1.97%,end
[2J[Hstart,156.90%,1.97%,end
[2J[Hstart,150.60%,1.97%,end
[2J[Hstart,150.60%,1.97%,end
[2J[Hstart,141.69%,1.97%,end
[2J[Hstart,141.69%,1.97%,end
[2J[Hstart,171.78%,1.97%,end
[2J[Hstart,171.78%,1.97%,end
[2J[Hstart,99.84%,1.97%,end
[2J[Hstart,99.84%,1.97%,end
[2J[Hstart,149.41%,1.97%,end
[2J[Hstart,149.41%,1.97%,end
[2J[Hstart,167.31%,1.97%,end
[2J[Hstart,167.31%,1.97%,end
[2J[Hstart,133.66%,1.97%,end
[2J[Hstart,133.66%,1.97%,end
[2J[Hstart,174.21%,1.97%,end
[2J[Hstart,174.21%,1.97%,end
[2J[Hstart,138.96%,1.97%,end
[2J[Hstart,138.96%,1.97%,end
[2J[Hstart,132.99%,1.98%,end
[2J[Hstart,132.99%,1.98%,end
[2J[Hstart,150.99%,1.97%,end
[2J[Hstart,150.99%,1.97%,end
[2J[Hstart,78.34%,1.96%,end
[2J[Hstart,78.34%,1.96%,end
[2J[Hstart,0.08%,1.96%,end
[2J[Hstart,0.08%,1.96%,end
[2J[Hstart,2.91%,1.96%,end
[2J[Hstart,2.91%,1.96%,end
[2J[Hstart,0.41%,1.96%,end
[2J[Hstart,0.41%,1.96%,end
[2J[Hstart,2.88%,0.16%,end
[2J[Hstart,2.88%,0.16%,end
[2J[Hstart,0.00%,0.16%,end
[2J[Hstart,0.00%,0.16%,end
[2J[Hstart,2.83%,0.16%,end
[2J[Hstart,2.83%,0.16%,end
[2J[Hstart,0.00%,0.16%,end
[2J[Hstart,0.00%,0.16%,end
[2J[Hstart,0.00%,0.16%,end
[2J[Hstart,0.00%,0.16%,end
[2J[Hstart,0.00%,0.16%,end
[2J[Hstart,2.82%,0.16%,end
[2J[Hstart,2.82%,0.16%,end
[2J[Hstart,0.00%,0.16%,end
[2J[Hstart,0.00%,0.16%,end
[2J[Hstart,0.00%,0.16%,end
[2J[Hstart,0.00%,0.16%,end
[2J[Hstart,2.59%,0.16%,end
[2J[Hstart,2.59%,0.16%,end
[2J[Hstart,0.00%,0.16%,end
[2J[Hstart,0.00%,0.16%,end
[2J[Hstart,0.00%,0.16%,end
[2J[Hstart,0.00%,0.16%,end
[2J[Hstart,0.00%,0.16%,end
[2J[Hstart,0.00%,0.16%,end
[2J[Hstart,2.87%,0.16%,end
[2J[Hstart,2.87%,0.16%,end
[2J[Hstart,0.00%,0.16%,end
[2J[Hstart,0.00%,0.16%,end
[2J[Hstart,0.00%,0.16%,end
[2J[Hstart,0.00%,0.16%,end
[2J[Hstart,2.76%,0.16%,end
[2J[Hstart,2.76%,0.16%,end
[2J[Hstart,0.00%,0.16%,end
[2J[Hstart,0.00%,0.16%,end
[2J[Hstart,0.00%,0.16%,end
[2J[Hstart,0.00%,0.16%,end
[2J[Hstart,3.25%,0.16%,end
[2J[Hstart,3.25%,0.16%,end
[2J[Hstart,0.00%,0.16%,end
[2J[Hstart,0.00%,0.16%,end
[2J[Hstart,0.00%,0.16%,end
[2J[Hstart,0.00%,0.16%,end
[2J[Hstart,0.00%,0.16%,end
[2J[Hstart,0.00%,0.16%,end
[2J[Hstart,2.42%,0.16%,end
[2J[Hstart,2.42%,0.16%,end
[2J[Hstart,0.00%,0.16%,end
[2J[Hstart,0.00%,0.16%,end
[2J[Hstart,0.00%,0.16%,end
[2J[Hstart,0.00%,0.16%,end
[2J[Hstart,3.20%,0.16%,end
[2J[Hstart,3.20%,0.16%,end
[2J[Hstart,0.00%,0.16%,end
[2J[Hstart,0.00%,0.16%,end
[2J[Hstart,0.00%,0.16%,end
[2J[Hstart,0.00%,0.16%,end
[2J[Hstart,0.00%,0.16%,end
[2J[Hstart,0.00%,0.16%,end
[2J[Hstart,2.73%,0.16%,end
[2J[Hstart,2.73%,0.16%,end
[2J[Hstart,0.00%,0.16%,end
[2J[Hstart,0.00%,0.16%,end
[2J[Hstart,0.00%,0.16%,end
[2J[Hstart,0.00%,0.16%,end
[2J[Hstart,2.78%,0.16%,end
[2J[Hstart,2.78%,0.16%,end
[2J[Hstart,0.00%,0.16%,end
[2J[Hstart,0.00%,0.16%,end
[2J[Hstart,0.00%,0.16%,end
[2J[Hstart,0.00%,0.16%,end
[2J[Hstart,1.80%,0.17%,end
[2J[Hstart,1.80%,0.17%,end
[2J[Hstart,0.99%,0.16%,end
[2J[Hstart,0.99%,0.16%,end
[2J[Hstart,0.00%,0.16%,end
[2J[Hstart,0.00%,0.16%,end
[2J[Hstart,0.00%,0.16%,end
[2J[Hstart,0.00%,0.16%,end
[2J[Hstart,3.22%,0.16%,end
[2J[Hstart,3.22%,0.16%,end
[2J[Hstart,0.00%,0.16%,end
[2J[Hstart,0.00%,0.16%,end
[2J[Hstart,0.00%,0.16%,end
[2J[Hstart,0.00%,0.16%,end
[2J[Hstart,2.63%,0.16%,end
[2J[Hstart,2.63%,0.16%,end
[2J[Hstart,0.00%,0.16%,end
[2J[Hstart,0.00%,0.16%,end
[2J[Hstart,0.00%,0.16%,end
[2J[Hstart,0.00%,0.16%,end
[2J[Hstart,0.00%,0.16%,end
[2J[Hstart,0.00%,0.16%,end
[2J[Hstart,3.31%,0.16%,end
[2J[Hstart,3.31%,0.16%,end
[2J[Hstart,0.00%,0.16%,end
[2J[Hstart,0.00%,0.16%,end
[2J[Hstart,0.00%,0.16%,end
[2J[Hstart,0.00%,0.16%,end
[2J[Hstart,2.58%,0.16%,end
[2J[Hstart,2.58%,0.16%,end
[2J[Hstart,0.00%,0.16%,end
[2J[Hstart,0.00%,0.16%,end
[2J[Hstart,0.00%,0.16%,end
[2J[Hstart,0.00%,0.16%,end
[2J[Hstart,3.04%,0.16%,end
[2J[Hstart,3.04%,0.16%,end
[2J[Hstart,0.00%,0.16%,end
[2J[Hstart,0.00%,0.16%,end
[2J[Hstart,0.00%,0.16%,end
[2J[Hstart,0.00%,0.16%,end
[2J[Hstart,0.00%,0.16%,end
[2J[Hstart,0.00%,0.16%,end
[2J[Hstart,2.76%,0.16%,end
[2J[Hstart,2.76%,0.16%,end
[2J[Hstart,0.00%,0.16%,end
[2J[Hstart,0.00%,0.16%,end
[2J[Hstart,0.00%,0.16%,end
[2J[Hstart,0.00%,0.16%,end
[2J[Hstart,2.56%,0.16%,end
[2J[Hstart,2.56%,0.16%,end
[2J[Hstart,0.10%,0.16%,end
[2J[Hstart,0.10%,0.16%,end
[2J[Hstart,0.00%,0.16%,end
[2J[Hstart,0.00%,0.16%,end
[2J[Hstart,3.01%,0.16%,end
[2J[Hstart,3.01%,0.16%,end
[2J[Hstart,0.00%,0.16%,end
[2J[Hstart,0.00%,0.16%,end
[2J[Hstart,0.00%,0.16%,end
[2J[Hstart,0.00%,0.16%,end
[2J[Hstart,0.00%,0.16%,end
[2J[Hstart,0.00%,0.16%,end
[2J[Hstart,2.76%,0.16%,end
[2J[Hstart,2.76%,0.16%,end
[2J[Hstart,0.00%,0.16%,end
[2J[Hstart,0.00%,0.16%,end
[2J[Hstart,0.00%,0.16%,end
[2J[Hstart,0.00%,0.16%,end
[2J[Hstart,0.00%,0.16%,end
[2J[Hstart,0.00%,0.16%,end
[2J[Hstart,2.92%,0.16%,end
[2J[Hstart,2.92%,0.16%,end
[2J[Hstart,0.00%,0.16%,end
[2J[Hstart,0.00%,0.16%,end
[2J[Hstart,0.00%,0.16%,end
[2J[Hstart,0.00%,0.16%,end
[2J[Hstart,3.98%,0.16%,end
[2J[Hstart,3.98%,0.16%,end
[2J[Hstart,0.00%,0.16%,end
[2J[Hstart,0.00%,0.16%,end
[2J[Hstart,0.00%,0.16%,end
[2J[Hstart,0.00%,0.16%,end
[2J[Hstart,0.00%,0.16%,end
[2J[Hstart,0.00%,0.16%,end
[2J[Hstart,4.04%,0.16%,end
[2J[Hstart,4.04%,0.16%,end
[2J[Hstart,0.00%,0.16%,end
[2J[Hstart,0.00%,0.16%,end
[2J[Hstart,0.00%,0.16%,end
[2J[Hstart,0.00%,0.16%,end
[2J[Hstart,2.68%,0.16%,end
[2J[Hstart,2.68%,0.16%,end
[2J[Hstart,0.00%,0.16%,end
[2J[Hstart,0.00%,0.16%,end
[2J[Hstart,0.00%,0.16%,end
[2J[Hstart,0.00%,0.16%,end
[2J[Hstart,3.22%,0.16%,end
[2J[Hstart,3.22%,0.16%,end
[2J[Hstart,0.00%,0.16%,end
[2J[Hstart,0.00%,0.16%,end
[2J[Hstart,0.00%,0.16%,end
[2J[Hstart,0.00%,0.16%,end
[2J[Hstart,0.00%,0.16%,end
[2J[Hstart,2.25%,0.16%,end
[2J[Hstart,2.25%,0.16%,end
[2J[Hstart,0.00%,0.16%,end
[2J[Hstart,0.00%,0.16%,end
[2J[Hstart,0.00%,0.16%,end
[2J[Hstart,0.00%,0.16%,end
[2J[Hstart,0.00%,0.16%,end
[2J[Hstart,0.00%,0.16%,end
[2J[Hstart,2.55%,0.16%,end
[2J[Hstart,2.55%,0.16%,end
[2J[Hstart,0.00%,0.16%,end
[2J[Hstart,0.00%,0.16%,end
[2J[Hstart,0.00%,0.16%,end
[2J[Hstart,0.00%,0.16%,end
[2J[Hstart,2.78%,0.16%,end
[2J[Hstart,2.78%,0.16%,end
[2J[Hstart,0.00%,0.16%,end
[2J[Hstart,0.00%,0.16%,end
[2J[Hstart,0.00%,0.16%,end
[2J[Hstart,0.00%,0.16%,end
[2J[Hstart,0.00%,0.16%,end
[2J[Hstart,0.00%,0.16%,end
[2J[Hstart,2.05%,0.16%,end
[2J[Hstart,2.05%,0.16%,end
[2J[Hstart,0.00%,0.16%,end
[2J[Hstart,0.00%,0.16%,end
[2J[Hstart,0.00%,0.16%,end
[2J[Hstart,0.00%,0.16%,end
[2J[Hstart,4.07%,0.16%,end
[2J[Hstart,4.07%,0.16%,end
[2J[Hstart,0.00%,0.16%,end
[2J[Hstart,0.00%,0.16%,end
[2J[Hstart,0.00%,0.16%,end
[2J[Hstart,0.00%,0.16%,end
[2J[Hstart,3.11%,0.16%,end
[2J[Hstart,3.11%,0.16%,end
[2J[Hstart,0.00%,0.16%,end
[2J[Hstart,0.00%,0.16%,end
[2J[Hstart,0.00%,0.16%,end
[2J[Hstart,0.00%,0.16%,end
[2J[Hstart,0.00%,0.16%,end
[2J[Hstart,0.00%,0.16%,end
[2J[Hstart,2.25%,0.16%,end
[2J[Hstart,2.25%,0.16%,end
[2J[Hstart,0.00%,0.16%,end
[2J[Hstart,0.00%,0.16%,end
[2J[Hstart,0.00%,0.16%,end
[2J[Hstart,0.00%,0.16%,end
[2J[Hstart,2.49%,0.16%,end
[2J[Hstart,2.49%,0.16%,end
[2J[Hstart,0.00%,0.16%,end
[2J[Hstart,0.00%,0.16%,end
[2J[Hstart,0.00%,0.16%,end
[2J[Hstart,0.00%,0.16%,end
[2J[Hstart,2.58%,0.16%,end
[2J[Hstart,2.58%,0.16%,end
[2J[Hstart,0.00%,0.16%,end
[2J[Hstart,0.00%,0.16%,end
[2J[Hstart,0.00%,0.16%,end
[2J[Hstart,0.00%,0.16%,end
[2J[Hstart,3.31%,0.16%,end
[2J[Hstart,3.31%,0.16%,end
[2J[Hstart,0.00%,0.16%,end
[2J[Hstart,0.00%,0.16%,end
[2J[Hstart,0.00%,0.16%,end
[2J[Hstart,0.00%,0.16%,end
[2J[Hstart,2.30%,0.16%,end
[2J[Hstart,2.30%,0.16%,end
[2J[Hstart,0.00%,0.16%,end
[2J[Hstart,0.00%,0.16%,end
[2J[Hstart,0.00%,0.16%,end
[2J[Hstart,0.00%,0.16%,end
[2J[Hstart,0.00%,0.16%,end
[2J[Hstart,0.00%,0.16%,end
[2J[Hstart,3.26%,0.16%,end
[2J[Hstart,3.26%,0.16%,end
[2J[Hstart,0.00%,0.16%,end
[2J[Hstart,0.00%,0.16%,end
[2J[Hstart,0.00%,0.16%,end
[2J[Hstart,0.00%,0.16%,end
[2J[Hstart,3.28%,0.16%,end
[2J[Hstart,3.28%,0.16%,end
[2J[Hstart,0.00%,0.16%,end
[2J[Hstart,0.00%,0.16%,end
[2J[Hstart,0.00%,0.16%,end
[2J[Hstart,0.00%,0.16%,end
[2J[Hstart,2.71%,0.16%,end
[2J[Hstart,2.71%,0.16%,end
[2J[Hstart,0.00%,0.16%,end
[2J[Hstart,0.00%,0.16%,end
[2J[Hstart,0.00%,0.16%,end
[2J[Hstart,0.00%,0.16%,end
[2J[Hstart,4.09%,0.16%,end
[2J[Hstart,4.09%,0.16%,end
[2J[Hstart,0.00%,0.16%,end
[2J[Hstart,0.00%,0.16%,end
[2J[Hstart,0.00%,0.16%,end
[2J[Hstart,0.00%,0.16%,end
[2J[Hstart,0.00%,0.16%,end
[2J[Hstart,0.00%,0.16%,end
[2J[Hstart,3.34%,0.16%,end
[2J[Hstart,3.34%,0.16%,end
[2J[Hstart,0.00%,0.16%,end
[2J[Hstart,0.00%,0.16%,end
[2J[Hstart,0.00%,0.16%,end
[2J[Hstart,0.00%,0.16%,end
[2J[Hstart,3.52%,0.16%,end
[2J[Hstart,3.52%,0.16%,end
[2J[Hstart,0.00%,0.16%,end
[2J[Hstart,0.00%,0.16%,end
[2J[Hstart,0.00%,0.16%,end
[2J[Hstart,0.00%,0.16%,end
[2J[Hstart,2.43%,0.16%,end
[2J[Hstart,2.43%,0.16%,end
[2J[Hstart,0.00%,0.16%,end
[2J[Hstart,0.00%,0.16%,end
[2J[Hstart,0.00%,0.16%,end
[2J[Hstart,0.00%,0.16%,end
[2J[Hstart,0.00%,0.16%,end
[2J[Hstart,0.00%,0.16%,end
[2J[Hstart,3.22%,0.16%,end
[2J[Hstart,3.22%,0.16%,end
[2J[Hstart,0.00%,0.16%,end
[2J[Hstart,0.00%,0.16%,end
[2J[Hstart,0.00%,0.16%,end
[2J[Hstart,0.00%,0.16%,end
[2J[Hstart,3.24%,0.16%,end
[2J[Hstart,3.24%,0.16%,end
[2J[Hstart,0.00%,0.16%,end
[2J[Hstart,0.00%,0.16%,end
[2J[Hstart,0.00%,0.16%,end
[2J[Hstart,0.00%,0.16%,end
[2J[Hstart,0.00%,0.16%,end
[2J[Hstart,2.50%,0.16%,end
[2J[Hstart,2.50%,0.16%,end
[2J[Hstart,0.00%,0.16%,end
